"Id","CET","Mean.TemperatureC","Mean.Humidity","Mean.Sea.Level.PressurehPa","Mean.Wind.SpeedKm.h","Precipitation L/M2","Events"
"1","2010-1-1",7,77,1009,27,0,""
"2","2010-1-2",6,84,1019,8,0,"Fog"
"3","2010-1-3",4,90,1017,2,0,"Rain"
"4","2010-1-4",8,94,1007,6,0,"Rain"
"5","2010-1-5",8,89,1000,3,0,"Rain"
"6","2010-1-6",6,71,1004,10,0,""
"7","2010-1-7",2,87,999,14,0,"Rain-Snow"
"8","2010-1-8",1,54,1006,31,0,""
"9","2010-1-9",0,55,1014,11,0,"Snow"
"10","2010-1-10",-3,79,1014,3,0,"Snow"
"11","2010-1-11",-2,92,1016,5,0,"Fog-Snow"
"12","2010-1-12",3,95,1014,6,0,"Fog-Rain"
"13","2010-1-13",4,93,1011,11,0,"Fog-Rain"
"14","2010-1-14",9,66,1006,27,0,""
"15","2010-1-15",4,75,1022,6,0,""
"16","2010-1-16",7,86,1023,3,0,""
"17","2010-1-17",8,97,1023,5,0,"Fog"
"18","2010-1-18",11,86,1021,3,0,"Fog"
"19","2010-1-19",11,89,1019,8,0,"Fog"
"20","2010-1-20",8,74,1021,10,0,"Fog-Rain"
"21","2010-1-21",6,85,1023,3,0,""
"22","2010-1-22",6,87,1021,3,0,""
"23","2010-1-23",9,80,1017,6,0,"Rain"
"24","2010-1-24",9,76,1020,5,0,""
"25","2010-1-25",6,62,1022,13,0,""
"26","2010-1-26",5,72,1020,18,0,"Rain-Snow"
"27","2010-1-27",3,58,1020,18,0,""
"28","2010-1-28",3,63,1019,6,0,""
"29","2010-1-29",6,68,1009,8,0,""
"30","2010-1-30",6,61,1008,16,0,""
"31","2010-1-31",6,61,1008,14,0,""
"32","2010-2-1",6,54,1018,10,0,""
"33","2010-2-2",3,64,1023,5,0,""
"34","2010-2-3",6,64,1018,5,0,""
"35","2010-2-4",8,80,1012,6,0,"Rain"
"36","2010-2-5",10,73,1017,23,0,""
"37","2010-2-6",10,67,1022,13,0,""
"38","2010-2-7",7,78,1015,5,0,""
"39","2010-2-8",9,85,1003,5,0,"Rain"
"40","2010-2-9",7,71,1002,8,0,""
"41","2010-2-10",3,59,1007,11,0,""
"42","2010-2-11",2,48,1009,21,0,""
"43","2010-2-12",2,49,1011,13,0,""
"44","2010-2-13",1,58,1008,11,0,""
"45","2010-2-14",0,60,1009,8,0,""
"46","2010-2-15",0,84,999,8,0,"Rain-Snow"
"47","2010-2-16",3,95,991,8,0,"Rain"
"48","2010-2-17",8,81,992,14,0,"Rain"
"49","2010-2-18",4,79,999,13,0,"Rain"
"50","2010-2-19",6,73,1000,8,0,"Rain"
"51","2010-2-20",6,60,1010,14,0,""
"52","2010-2-21",3,91,1002,5,0,"Rain"
"53","2010-2-22",9,86,1001,13,0,"Rain"
"54","2010-2-23",8,88,1006,16,0,"Rain"
"55","2010-2-24",10,79,1012,29,0,"Rain"
"56","2010-2-25",11,85,1008,19,0,"Rain"
"57","2010-2-26",7,74,1012,18,0,""
"58","2010-2-27",13,81,1001,11,0,"Rain-Thunderstorm"
"59","2010-2-28",10,69,1007,27,0,""
"60","2010-3-1",10,75,1015,19,0,"Rain"
"61","2010-3-2",9,68,1014,11,0,"Rain"
"62","2010-3-3",10,85,1007,8,0,"Rain"
"63","2010-3-4",9,81,1013,6,0,"Fog"
"64","2010-3-5",8,85,1015,10,0,"Rain"
"65","2010-3-6",3,93,1014,11,0,"Rain"
"66","2010-3-7",7,90,1010,6,0,"Rain"
"67","2010-3-8",2,60,1008,18,0,"Snow"
"68","2010-3-9",4,51,1009,11,0,""
"69","2010-3-10",3,50,1013,16,0,""
"70","2010-3-11",2,59,1014,5,0,""
"71","2010-3-12",4,63,1017,10,0,""
"72","2010-3-13",3,60,1023,5,0,""
"73","2010-3-14",8,51,1025,8,0,""
"74","2010-3-15",7,50,1025,6,0,""
"75","2010-3-16",8,48,1024,5,0,""
"76","2010-3-17",10,45,1026,8,0,""
"77","2010-3-18",11,65,1025,8,0,"Rain"
"78","2010-3-19",11,83,1024,6,0,"Rain"
"79","2010-3-20",14,70,1021,10,0,""
"80","2010-3-21",12,81,1021,6,0,"Rain"
"81","2010-3-22",13,73,1021,3,0,""
"82","2010-3-23",12,69,1017,6,0,""
"83","2010-3-24",14,74,1009,13,0,"Rain-Hail-Thunderstorm"
"84","2010-3-25",10,80,1009,19,0,"Rain"
"85","2010-3-26",9,71,1019,23,0,""
"86","2010-3-27",12,57,1023,16,0,""
"87","2010-3-28",12,61,1020,5,0,""
"88","2010-3-29",11,71,1011,11,0,"Rain"
"89","2010-3-30",10,68,1012,26,0,""
"90","2010-3-31",11,53,1016,19,0,""
"91","2010-4-1",9,52,1017,11,0,"Rain"
"92","2010-4-2",9,55,1019,8,0,""
"93","2010-4-3",10,75,1015,11,0,"Rain"
"94","2010-4-4",10,62,1022,6,0,""
"95","2010-4-5",10,56,1024,10,0,""
"96","2010-4-6",11,56,1018,6,0,""
"97","2010-4-7",13,57,1018,11,0,""
"98","2010-4-8",11,52,1023,8,0,""
"99","2010-4-9",12,51,1023,10,0,""
"100","2010-4-10",13,52,1022,8,0,""
"101","2010-4-11",13,45,1012,5,0,""
"102","2010-4-12",14,49,1006,11,0,""
"103","2010-4-13",9,79,1010,13,0,"Rain"
"104","2010-4-14",10,94,1009,6,0,"Rain"
"105","2010-4-15",12,91,1009,6,0,"Rain"
"106","2010-4-16",14,84,1011,6,0,""
"107","2010-4-17",12,90,1013,8,0,"Rain"
"108","2010-4-18",12,86,1014,6,0,"Rain"
"109","2010-4-19",13,79,1017,6,0,""
"110","2010-4-20",14,70,1018,6,0,""
"111","2010-4-21",16,74,1014,6,0,"Rain"
"112","2010-4-22",17,72,1010,10,0,"Rain"
"113","2010-4-23",15,74,1012,3,0,"Rain"
"114","2010-4-24",16,68,1017,6,0,""
"115","2010-4-25",18,62,1022,3,0,""
"116","2010-4-26",18,60,1025,6,0,""
"117","2010-4-27",20,55,1023,6,0,""
"118","2010-4-28",20,52,1021,8,0,""
"119","2010-4-29",18,54,1017,10,0,""
"120","2010-4-30",16,61,1013,6,0,""
"121","2010-5-1",16,59,1011,6,0,""
"122","2010-5-2",13,61,1013,6,0,"Rain"
"123","2010-5-3",10,60,1011,21,0,"Rain"
"124","2010-5-4",8,48,1012,32,0,""
"125","2010-5-5",9,46,1013,23,0,""
"126","2010-5-6",9,51,1010,6,0,""
"127","2010-5-7",12,59,1006,11,0,"Rain-Thunderstorm"
"128","2010-5-8",12,73,1007,10,0,"Rain"
"129","2010-5-9",13,82,1005,13,0,"Rain"
"130","2010-5-10",13,70,1008,14,0,"Rain"
"131","2010-5-11",10,65,1008,11,0,""
"132","2010-5-12",12,65,1008,14,0,""
"133","2010-5-13",9,71,1011,16,0,"Rain"
"134","2010-5-14",11,61,1013,11,0,"Rain"
"135","2010-5-15",17,57,1017,13,0,"Rain"
"136","2010-5-16",14,49,1022,6,0,""
"137","2010-5-17",14,48,1025,6,0,""
"138","2010-5-18",17,43,1026,6,0,""
"139","2010-5-19",18,42,1024,8,0,""
"140","2010-5-20",19,44,1024,11,0,""
"141","2010-5-21",19,46,1021,5,0,""
"142","2010-5-22",20,46,1017,6,0,""
"143","2010-5-23",21,46,1015,8,0,""
"144","2010-5-24",22,52,1016,13,0,""
"145","2010-5-25",22,45,1016,13,0,""
"146","2010-5-26",21,49,1014,13,0,""
"147","2010-5-27",19,51,1012,8,0,"Thunderstorm"
"148","2010-5-28",17,62,1016,10,0,""
"149","2010-5-29",18,53,1022,6,0,""
"150","2010-5-30",21,48,1024,5,0,""
"151","2010-5-31",22,48,1022,6,0,""
"152","2010-6-1",23,45,1017,8,0,""
"153","2010-6-2",24,43,1015,8,0,""
"154","2010-6-3",23,40,1013,6,0,""
"155","2010-6-4",24,38,1017,8,0,""
"156","2010-6-5",26,41,1017,6,0,""
"157","2010-6-6",23,37,1016,6,0,""
"158","2010-6-7",23,48,1014,11,0,""
"159","2010-6-8",21,47,1009,19,0,"Rain"
"160","2010-6-9",16,89,1003,19,0,"Rain"
"161","2010-6-10",17,72,1005,23,0,"Rain"
"162","2010-6-11",17,69,1012,18,0,"Rain"
"163","2010-6-12",16,82,1014,14,0,"Rain"
"164","2010-6-13",19,70,1015,6,0,"Rain"
"165","2010-6-14",18,64,1014,8,0,""
"166","2010-6-15",14,54,1015,18,0,""
"167","2010-6-16",14,59,1016,11,0,""
"168","2010-6-17",16,56,1016,5,0,""
"169","2010-6-18",19,56,1016,5,0,"Rain"
"170","2010-6-19",20,55,1015,8,0,""
"171","2010-6-20",19,43,1015,14,0,""
"172","2010-6-21",17,36,1018,10,0,""
"173","2010-6-22",22,36,1018,8,0,""
"174","2010-6-23",24,29,1017,6,0,""
"175","2010-6-24",24,29,1016,8,0,"Thunderstorm"
"176","2010-6-25",24,57,1015,14,0,"Rain-Thunderstorm"
"177","2010-6-26",23,60,1015,11,0,""
"178","2010-6-27",24,64,1017,8,0,"Rain"
"179","2010-6-28",24,49,1019,6,0,"Thunderstorm"
"180","2010-6-29",24,55,1021,10,0,"Rain-Thunderstorm"
"181","2010-6-30",26,47,1020,6,0,""
"182","2010-7-1",27,43,1017,8,0,""
"183","2010-7-2",26,55,1015,8,0,"Rain-Thunderstorm"
"184","2010-7-3",23,65,1019,8,0,"Rain-Thunderstorm"
"185","2010-7-4",26,51,1021,5,0,""
"186","2010-7-5",28,42,1021,6,0,""
"187","2010-7-6",28,33,1021,10,0,""
"188","2010-7-7",29,39,1019,6,0,""
"189","2010-7-8",29,40,1018,13,0,"Rain"
"190","2010-7-9",28,35,1019,11,0,""
"191","2010-7-10",28,37,1019,5,0,""
"192","2010-7-11",29,33,1017,8,0,""
"193","2010-7-12",29,30,1016,11,0,""
"194","2010-7-13",26,28,1014,11,0,""
"195","2010-7-14",26,32,1012,16,0,""
"196","2010-7-15",24,28,1016,8,0,""
"197","2010-7-16",24,25,1017,6,0,""
"198","2010-7-17",27,29,1019,6,0,""
"199","2010-7-18",28,37,1021,8,0,""
"200","2010-7-19",29,31,1017,6,0,""
"201","2010-7-20",28,29,1013,10,0,""
"202","2010-7-21",26,30,1010,11,0,""
"203","2010-7-22",26,32,1012,13,0,""
"204","2010-7-23",26,40,1019,11,0,""
"205","2010-7-24",27,35,1022,13,0,""
"206","2010-7-25",27,24,1019,13,0,""
"207","2010-7-26",27,32,1017,13,0,""
"208","2010-7-27",27,31,1018,11,0,""
"209","2010-7-28",28,30,1019,6,0,""
"210","2010-7-29",28,27,1015,10,0,""
"211","2010-7-30",26,34,1015,13,0,""
"212","2010-7-31",28,30,1015,6,0,""
"213","2010-8-1",28,33,1015,10,0,""
"214","2010-8-2",28,31,1014,10,0,""
"215","2010-8-3",24,40,1018,16,0,""
"216","2010-8-4",26,35,1016,11,0,""
"217","2010-8-5",26,36,1014,8,0,""
"218","2010-8-6",24,28,1016,13,0,""
"219","2010-8-7",27,29,1018,6,0,""
"220","2010-8-8",27,41,1019,5,0,"Rain"
"221","2010-8-9",28,58,1019,8,0,"Rain"
"222","2010-8-10",28,40,1018,8,0,""
"223","2010-8-11",27,34,1018,6,0,""
"224","2010-8-12",24,29,1016,8,0,""
"225","2010-8-13",22,44,1016,19,0,""
"226","2010-8-14",20,39,1017,14,0,""
"227","2010-8-15",22,37,1016,10,0,""
"228","2010-8-16",22,49,1020,19,0,""
"229","2010-8-17",23,59,1020,6,0,""
"230","2010-8-18",24,49,1015,8,0,""
"231","2010-8-19",23,58,1015,10,0,"Rain-Thunderstorm"
"232","2010-8-20",26,58,1021,5,0,""
"233","2010-8-21",27,43,1025,6,0,""
"234","2010-8-22",28,37,1020,10,0,""
"235","2010-8-23",26,30,1015,13,0,""
"236","2010-8-24",26,44,1017,11,0,""
"237","2010-8-25",27,33,1020,6,0,""
"238","2010-8-26",29,30,1018,10,0,""
"239","2010-8-27",29,24,1016,13,0,""
"240","2010-8-28",27,29,1018,6,0,""
"241","2010-8-29",26,24,1018,8,0,""
"242","2010-8-30",26,18,1017,10,0,""
"243","2010-8-31",23,32,1014,8,0,""
"244","2010-9-1",23,67,1012,10,0,"Rain-Hail-Thunderstorm"
"245","2010-9-2",22,72,1014,5,0,""
"246","2010-9-3",23,55,1018,5,0,""
"247","2010-9-4",24,46,1018,5,0,""
"248","2010-9-5",26,42,1016,6,0,""
"249","2010-9-6",24,38,1012,10,0,""
"250","2010-9-7",23,50,1008,23,0,""
"251","2010-9-8",19,43,1014,16,0,""
"252","2010-9-9",19,44,1022,6,0,""
"253","2010-9-10",21,38,1022,6,0,""
"254","2010-9-11",22,36,1017,6,0,""
"255","2010-9-12",24,36,1019,5,0,""
"256","2010-9-13",24,39,1024,8,0,""
"257","2010-9-14",24,23,1024,6,0,""
"258","2010-9-15",24,32,1021,5,0,""
"259","2010-9-16",24,56,1016,8,0,"Rain"
"260","2010-9-17",20,80,1012,8,0,"Rain-Thunderstorm"
"261","2010-9-18",19,71,1015,6,0,"Rain"
"262","2010-9-19",19,66,1017,6,0,""
"263","2010-9-20",17,74,1017,6,0,""
"264","2010-9-21",19,68,1019,3,0,""
"265","2010-9-22",20,60,1020,6,0,""
"266","2010-9-23",20,59,1017,8,0,""
"267","2010-9-24",20,47,1014,18,0,""
"268","2010-9-25",17,46,1013,13,0,""
"269","2010-9-26",16,50,1013,8,0,""
"270","2010-9-27",16,45,1014,5,0,""
"271","2010-9-28",17,43,1017,5,0,""
"272","2010-9-29",18,45,1020,5,0,""
"273","2010-9-30",18,44,1018,8,0,""
"274","2010-10-1",18,48,1015,6,0,""
"275","2010-10-2",18,45,1014,8,0,""
"276","2010-10-3",16,59,1009,14,0,"Rain"
"277","2010-10-4",17,62,1009,19,0,"Rain"
"278","2010-10-5",14,61,1014,5,0,""
"279","2010-10-6",16,59,1012,5,0,""
"280","2010-10-7",19,58,1013,8,0,"Rain-Thunderstorm"
"281","2010-10-8",20,71,1013,8,0,"Rain"
"282","2010-10-9",17,86,1010,11,0,"Rain"
"283","2010-10-10",14,85,1004,5,0,"Fog"
"284","2010-10-11",13,81,1001,5,0,""
"285","2010-10-12",14,77,1005,8,0,""
"286","2010-10-13",16,71,1010,5,0,""
"287","2010-10-14",16,63,1013,3,0,""
"288","2010-10-15",13,57,1013,5,0,""
"289","2010-10-16",12,62,1013,5,0,""
"290","2010-10-17",12,58,1017,10,0,""
"291","2010-10-18",10,52,1021,6,0,""
"292","2010-10-19",11,53,1018,5,0,""
"293","2010-10-20",12,53,1017,5,0,""
"294","2010-10-21",13,56,1021,5,0,""
"295","2010-10-22",12,64,1021,5,0,""
"296","2010-10-23",13,62,1018,5,0,""
"297","2010-10-24",13,64,1016,6,0,""
"298","2010-10-25",13,48,1020,16,0,""
"299","2010-10-26",11,44,1025,6,0,""
"300","2010-10-27",11,37,1026,5,0,""
"301","2010-10-28",13,39,1023,5,0,""
"302","2010-10-29",13,58,1014,13,0,"Rain"
"303","2010-10-30",11,89,1009,19,0,"Rain"
"304","2010-10-31",12,76,1001,18,0,"Rain"
"305","2010-11-1",16,59,1014,21,0,""
"306","2010-11-2",14,57,1021,16,0,""
"307","2010-11-3",13,71,1025,3,0,""
"308","2010-11-4",16,69,1029,5,0,""
"309","2010-11-5",14,74,1028,3,0,""
"310","2010-11-6",12,78,1024,5,0,""
"311","2010-11-7",11,79,1012,5,0,"Fog"
"312","2010-11-8",9,70,999,18,0,"Rain"
"313","2010-11-9",12,65,992,29,0,"Rain"
"314","2010-11-10",10,59,1006,23,0,""
"315","2010-11-11",8,69,1021,6,0,""
"316","2010-11-12",9,86,1023,6,0,""
"317","2010-11-13",8,87,1016,5,0,"Fog"
"318","2010-11-14",9,89,1009,8,0,"Rain"
"319","2010-11-15",8,60,1018,21,0,""
"320","2010-11-16",7,70,1023,10,0,""
"321","2010-11-17",9,80,1013,10,0,"Rain"
"322","2010-11-18",8,65,1016,13,0,""
"323","2010-11-19",7,81,1017,6,0,"Rain"
"324","2010-11-20",11,70,1011,14,0,"Rain"
"325","2010-11-21",9,67,1007,21,0,""
"326","2010-11-22",8,68,1009,11,0,""
"327","2010-11-23",6,78,1012,3,0,""
"328","2010-11-24",7,74,1013,3,0,""
"329","2010-11-25",4,73,1012,6,0,""
"330","2010-11-26",4,62,1010,6,0,""
"331","2010-11-27",2,75,1002,6,0,""
"332","2010-11-28",3,69,1003,8,0,""
"333","2010-11-29",0,87,1003,6,0,"Rain-Snow"
"334","2010-11-30",4,94,997,5,0,"Rain"
"335","2010-12-1",4,84,1003,16,0,""
"336","2010-12-2",3,68,1009,13,0,""
"337","2010-12-3",3,64,1016,16,0,""
"338","2010-12-4",0,74,1020,5,0,""
"339","2010-12-5",4,78,1013,5,0,"Rain"
"340","2010-12-6",12,92,1004,13,0,"Fog-Rain"
"341","2010-12-7",12,90,1003,16,0,"Rain"
"342","2010-12-8",12,88,1009,16,0,"Rain"
"343","2010-12-9",12,95,1020,3,0,"Rain"
"344","2010-12-10",12,75,1027,8,0,""
"345","2010-12-11",9,94,1024,3,0,"Fog"
"346","2010-12-12",8,95,1016,2,0,"Fog"
"347","2010-12-13",11,89,1013,3,0,"Fog"
"348","2010-12-14",10,73,1019,3,0,""
"349","2010-12-15",3,52,1025,14,0,""
"350","2010-12-16",1,55,1022,5,0,""
"351","2010-12-17",0,73,1009,5,0,""
"352","2010-12-18",1,76,1001,3,0,"Rain"
"353","2010-12-19",8,90,1002,10,0,"Rain"
"354","2010-12-20",7,86,1011,8,0,"Rain"
"355","2010-12-21",8,95,999,10,0,"Rain"
"356","2010-12-22",10,92,993,14,0,"Rain"
"357","2010-12-23",7,81,999,10,0,"Rain"
"358","2010-12-24",3,63,1013,11,0,""
"359","2010-12-25",3,68,1017,5,0,""
"360","2010-12-26",1,65,1020,5,0,""
"361","2010-12-27",2,70,1021,5,0,""
"362","2010-12-28",4,76,1020,3,0,""
"363","2010-12-29",8,80,1017,5,0,""
"364","2010-12-30",4,91,1014,5,0,"Rain"
"365","2010-12-31",8,96,1017,3,0,"Fog-Rain"
"366","2011-1-1",8,87,1019,5,0,"Fog"
"367","2011-1-2",9,84,1019,5,0,"Fog"
"368","2011-1-3",4,87,1019,3,0,""
"369","2011-1-4",7,93,1019,6,0,"Rain"
"370","2011-1-5",8,90,1015,10,0,"Rain"
"371","2011-1-6",12,88,1013,13,0,"Rain"
"372","2011-1-7",11,82,1015,16,0,"Rain"
"373","2011-1-8",10,88,1016,13,0,"Rain"
"374","2011-1-9",9,92,1017,8,0,"Rain"
"375","2011-1-10",7,92,1021,5,0,"Fog-Rain"
"376","2011-1-11",11,79,1023,14,0,""
"377","2011-1-12",10,85,1028,3,0,"Fog"
"378","2011-1-13",7,94,1026,3,0,"Fog"
"379","2011-1-14",8,87,1024,5,0,"Fog"
"380","2011-1-15",8,83,1027,5,0,"Fog"
"381","2011-1-16",7,84,1027,5,0,""
"382","2011-1-17",3,98,1029,3,0,"Fog"
"383","2011-1-18",7,93,1026,3,0,"Fog"
"384","2011-1-19",7,89,1022,2,0,""
"385","2011-1-20",7,79,1021,5,0,""
"386","2011-1-21",3,34,1024,14,0,""
"387","2011-1-22",1,38,1020,10,0,""
"388","2011-1-23",0,48,1018,8,0,""
"389","2011-1-24",1,54,1019,5,0,""
"390","2011-1-25",1,63,1017,5,0,""
"391","2011-1-26",1,75,1008,5,0,""
"392","2011-1-27",2,92,1001,6,0,"Rain"
"393","2011-1-28",7,89,1004,11,0,"Rain"
"394","2011-1-29",6,84,1008,8,0,"Fog"
"395","2011-1-30",3,90,1011,3,0,"Fog-Rain"
"396","2011-1-31",4,70,1017,6,0,""
"397","2011-2-1",3,69,1024,6,0,""
"398","2011-2-2",6,58,1027,10,0,""
"399","2011-2-3",6,67,1029,5,0,""
"400","2011-2-4",7,71,1033,3,0,""
"401","2011-2-5",8,64,1033,5,0,""
"402","2011-2-6",9,64,1029,5,0,""
"403","2011-2-7",8,63,1026,5,0,""
"404","2011-2-8",7,64,1022,5,0,""
"405","2011-2-9",7,73,1022,5,0,""
"406","2011-2-10",7,72,1023,5,0,""
"407","2011-2-11",7,73,1020,6,0,""
"408","2011-2-12",7,74,1020,6,0,""
"409","2011-2-13",6,80,1013,10,0,"Rain"
"410","2011-2-14",7,63,1011,21,0,""
"411","2011-2-15",8,90,1003,11,0,"Rain"
"412","2011-2-16",6,85,999,21,0,"Rain"
"413","2011-2-17",7,72,1000,21,0,"Rain"
"414","2011-2-18",7,76,1016,8,0,""
"415","2011-2-19",8,94,1016,8,0,"Rain"
"416","2011-2-20",10,83,1017,6,0,"Fog"
"417","2011-2-21",9,64,1021,18,0,""
"418","2011-2-22",13,60,1019,23,0,""
"419","2011-2-23",12,62,1023,5,0,""
"420","2011-2-24",11,66,1026,5,0,""
"421","2011-2-25",11,62,1026,5,0,""
"422","2011-2-26",12,62,1024,3,0,""
"423","2011-2-27",9,52,1024,14,0,""
"424","2011-2-28",5,55,1022,19,0,"Rain"
"425","2011-3-1",6,56,1022,19,0,""
"426","2011-3-2",6,60,1020,18,0,""
"427","2011-3-3",3,73,1019,6,0,""
"428","2011-3-4",3,92,1016,8,0,"Rain-Snow-Thunderstorm"
"429","2011-3-5",7,75,1018,6,0,""
"430","2011-3-6",7,73,1018,5,0,""
"431","2011-3-7",10,60,1018,8,0,""
"432","2011-3-8",9,62,1019,8,0,"Rain"
"433","2011-3-9",11,68,1020,6,0,""
"434","2011-3-10",9,64,1022,5,0,""
"435","2011-3-11",7,84,1014,6,0,"Rain"
"436","2011-3-12",10,83,1003,8,0,"Rain"
"437","2011-3-13",9,81,1003,10,0,"Rain"
"438","2011-3-14",10,83,1001,11,0,"Rain"
"439","2011-3-15",10,77,1003,14,0,""
"440","2011-3-16",10,61,1008,19,0,"Rain"
"441","2011-3-17",11,64,1018,11,0,""
"442","2011-3-18",11,64,1025,6,0,""
"443","2011-3-19",12,57,1025,3,0,""
"444","2011-3-20",11,49,1022,5,0,""
"445","2011-3-21",10,60,1023,6,0,""
"446","2011-3-22",10,55,1025,8,0,""
"447","2011-3-23",9,68,1024,11,0,"Rain"
"448","2011-3-24",10,83,1025,10,0,"Rain"
"449","2011-3-25",12,80,1022,8,0,"Rain"
"450","2011-3-26",13,77,1016,10,0,"Rain"
"451","2011-3-27",10,82,1015,18,0,"Rain"
"452","2011-3-28",10,68,1019,13,0,"Rain"
"453","2011-3-29",12,67,1019,10,0,""
"454","2011-3-30",16,61,1023,13,0,""
"455","2011-3-31",13,68,1027,3,0,""
"456","2011-4-1",16,65,1024,6,0,""
"457","2011-4-2",14,65,1017,6,0,""
"458","2011-4-3",14,82,1014,8,0,"Rain"
"459","2011-4-4",16,77,1021,5,0,""
"460","2011-4-5",17,67,1024,5,0,""
"461","2011-4-6",18,60,1025,6,0,""
"462","2011-4-7",19,57,1026,6,0,""
"463","2011-4-8",19,55,1024,6,0,""
"464","2011-4-9",19,55,1021,8,0,""
"465","2011-4-10",17,61,1021,8,0,""
"466","2011-4-11",16,55,1023,11,0,""
"467","2011-4-12",17,50,1025,11,0,""
"468","2011-4-13",17,51,1020,6,0,""
"469","2011-4-14",17,50,1012,8,0,""
"470","2011-4-15",16,36,1011,10,0,""
"471","2011-4-16",15,57,1015,10,0,""
"472","2011-4-17",14,55,1017,8,0,""
"473","2011-4-18",14,46,1016,11,0,""
"474","2011-4-19",16,57,1011,11,0,"Rain"
"475","2011-4-20",17,78,1010,11,0,"Rain-Thunderstorm"
"476","2011-4-21",16,82,1009,8,0,"Rain"
"477","2011-4-22",11,87,1006,11,0,"Rain"
"478","2011-4-23",13,83,1008,5,0,"Rain"
"479","2011-4-24",14,70,1013,8,0,"Rain"
"480","2011-4-25",16,66,1016,13,0,"Rain"
"481","2011-4-26",16,63,1016,11,0,""
"482","2011-4-27",16,56,1015,8,0,""
"483","2011-4-28",16,55,1010,8,0,""
"484","2011-4-29",15,67,1004,11,0,""
"485","2011-4-30",13,79,1002,10,0,"Rain"
"486","2011-5-1",16,71,1003,11,0,""
"487","2011-5-2",17,75,1002,8,0,"Rain"
"488","2011-5-3",17,67,1011,8,0,"Rain"
"489","2011-5-4",17,56,1017,6,0,""
"490","2011-5-5",16,58,1017,6,0,""
"491","2011-5-6",18,63,1014,13,0,""
"492","2011-5-7",14,76,1013,14,0,"Rain-Thunderstorm"
"493","2011-5-8",14,65,1019,11,0,""
"494","2011-5-9",18,64,1021,5,0,""
"495","2011-5-10",18,60,1024,5,0,""
"496","2011-5-11",19,56,1022,5,0,""
"497","2011-5-12",19,59,1019,6,0,"Rain"
"498","2011-5-13",20,60,1018,5,0,"Rain"
"499","2011-5-14",20,70,1019,10,0,"Rain-Thunderstorm"
"500","2011-5-15",14,51,1024,14,0,""
"501","2011-5-16",17,53,1024,8,0,""
"502","2011-5-17",18,61,1021,6,0,""
"503","2011-5-18",19,55,1015,10,0,""
"504","2011-5-19",16,72,1016,11,0,"Rain"
"505","2011-5-20",17,60,1019,5,0,""
"506","2011-5-21",19,49,1020,6,0,""
"507","2011-5-22",21,53,1021,6,0,""
"508","2011-5-23",21,52,1024,6,0,""
"509","2011-5-24",22,45,1024,6,0,""
"510","2011-5-25",23,38,1022,5,0,""
"511","2011-5-26",23,43,1019,10,0,"Rain"
"512","2011-5-27",20,78,1018,8,0,"Rain-Thunderstorm"
"513","2011-5-28",20,72,1017,5,0,"Fog-Rain"
"514","2011-5-29",22,58,1016,11,0,"Rain-Thunderstorm"
"515","2011-5-30",19,83,1015,11,0,"Rain-Thunderstorm"
"516","2011-5-31",19,67,1019,10,0,""
"517","2011-6-1",16,46,1024,19,0,""
"518","2011-6-2",16,48,1021,16,0,""
"519","2011-6-3",17,51,1019,10,0,""
"520","2011-6-4",18,54,1015,6,0,""
"521","2011-6-5",19,58,1009,8,0,"Rain-Thunderstorm"
"522","2011-6-6",17,88,1008,10,0,"Rain-Thunderstorm"
"523","2011-6-7",16,89,1008,5,0,"Rain-Thunderstorm"
"524","2011-6-8",17,61,1014,8,0,""
"525","2011-6-9",17,54,1016,11,0,""
"526","2011-6-10",18,53,1017,5,0,""
"527","2011-6-11",20,50,1019,8,0,""
"528","2011-6-12",22,44,1019,10,0,""
"529","2011-6-13",24,37,1017,8,0,""
"530","2011-6-14",22,38,1019,8,0,""
"531","2011-6-15",24,38,1019,8,0,""
"532","2011-6-16",23,40,1017,8,0,""
"533","2011-6-17",22,40,1015,10,0,""
"534","2011-6-18",23,38,1016,10,0,""
"535","2011-6-19",22,32,1019,6,0,""
"536","2011-6-20",26,39,1019,8,0,""
"537","2011-6-21",27,34,1017,8,0,""
"538","2011-6-22",26,29,1017,11,0,""
"539","2011-6-23",24,28,1018,8,0,""
"540","2011-6-24",24,39,1021,10,0,""
"541","2011-6-25",27,33,1022,6,0,""
"542","2011-6-26",29,32,1020,6,0,""
"543","2011-6-27",30,29,1018,11,0,""
"544","2011-6-28",28,30,1016,10,0,""
"545","2011-6-29",27,38,1017,11,0,""
"546","2011-6-30",26,37,1018,11,0,""
"547","2011-7-1",27,33,1019,11,0,""
"548","2011-7-2",27,30,1014,8,0,""
"549","2011-7-3",26,28,1009,11,0,""
"550","2011-7-4",24,37,1014,6,0,""
"551","2011-7-5",26,30,1017,11,0,""
"552","2011-7-6",26,28,1014,11,0,""
"553","2011-7-7",23,27,1012,13,0,""
"554","2011-7-8",22,29,1015,6,0,""
"555","2011-7-9",24,34,1016,10,0,""
"556","2011-7-10",24,28,1016,11,0,""
"557","2011-7-11",26,23,1013,8,0,""
"558","2011-7-12",23,32,1012,13,0,""
"559","2011-7-13",20,44,1018,19,0,""
"560","2011-7-14",21,37,1020,10,0,""
"561","2011-7-15",24,32,1020,8,0,""
"562","2011-7-16",26,27,1016,10,0,""
"563","2011-7-17",26,33,1011,14,0,""
"564","2011-7-18",22,33,1012,11,0,""
"565","2011-7-19",24,35,1013,23,0,""
"566","2011-7-20",23,32,1016,8,0,""
"567","2011-7-21",26,28,1012,6,0,""
"568","2011-7-22",23,41,1012,16,0,""
"569","2011-7-23",23,33,1015,16,0,""
"570","2011-7-24",22,32,1017,10,0,""
"571","2011-7-25",24,38,1017,5,0,""
"572","2011-7-26",27,37,1014,8,0,""
"573","2011-7-27",26,35,1016,14,0,""
"574","2011-7-28",26,39,1018,10,0,""
"575","2011-7-29",27,31,1017,10,0,"Rain"
"576","2011-7-30",28,29,1015,10,0,""
"577","2011-7-31",27,30,1014,13,0,""
"578","2011-8-1",27,33,1010,10,0,"Rain-Thunderstorm"
"579","2011-8-2",23,48,1014,18,0,"Rain-Thunderstorm"
"580","2011-8-3",23,44,1020,6,0,""
"581","2011-8-4",26,32,1019,6,0,""
"582","2011-8-5",27,31,1015,10,0,""
"583","2011-8-6",24,33,1012,13,0,""
"584","2011-8-7",27,41,1012,16,0,""
"585","2011-8-8",27,29,1017,8,0,""
"586","2011-8-9",26,29,1022,13,0,""
"587","2011-8-10",26,34,1021,8,0,""
"588","2011-8-11",29,40,1018,11,0,""
"589","2011-8-12",28,36,1015,8,0,"Rain-Thunderstorm"
"590","2011-8-13",26,57,1014,18,0,"Rain-Thunderstorm"
"591","2011-8-14",27,42,1013,10,0,""
"592","2011-8-15",27,33,1016,6,0,""
"593","2011-8-16",28,34,1017,6,0,""
"594","2011-8-17",27,32,1014,10,0,""
"595","2011-8-18",27,40,1013,10,0,"Rain"
"596","2011-8-19",28,36,1018,10,0,""
"597","2011-8-20",31,30,1020,10,0,""
"598","2011-8-21",29,35,1018,10,0,"Rain-Thunderstorm"
"599","2011-8-22",24,52,1017,11,0,"Rain-Thunderstorm"
"600","2011-8-23",23,44,1016,8,0,""
"601","2011-8-24",24,36,1016,10,0,""
"602","2011-8-25",23,34,1014,11,0,""
"603","2011-8-26",22,36,1014,19,0,""
"604","2011-8-27",19,30,1020,6,0,""
"605","2011-8-28",23,28,1019,10,0,""
"606","2011-8-29",23,26,1016,10,0,""
"607","2011-8-30",22,22,1014,8,0,""
"608","2011-8-31",23,45,1011,11,0,""
"609","2011-9-1",23,51,1012,8,0,""
"610","2011-9-2",21,48,1014,11,0,""
"611","2011-9-3",19,68,1014,6,0,"Rain"
"612","2011-9-4",20,58,1016,10,0,""
"613","2011-9-5",21,42,1022,6,0,""
"614","2011-9-6",22,39,1026,6,0,""
"615","2011-9-7",23,32,1024,6,0,""
"616","2011-9-8",24,24,1019,6,0,""
"617","2011-9-9",24,25,1015,6,0,""
"618","2011-9-10",24,28,1014,8,0,""
"619","2011-9-11",21,39,1019,8,0,""
"620","2011-9-12",23,36,1020,6,0,""
"621","2011-9-13",24,33,1017,6,0,""
"622","2011-9-14",26,36,1016,8,0,""
"623","2011-9-15",24,36,1016,10,0,""
"624","2011-9-16",24,37,1017,8,0,""
"625","2011-9-17",23,40,1016,8,0,""
"626","2011-9-18",21,34,1015,11,0,""
"627","2011-9-19",17,39,1022,8,0,""
"628","2011-9-20",20,34,1021,6,0,""
"629","2011-9-21",21,34,1020,6,0,""
"630","2011-9-22",21,38,1019,6,0,""
"631","2011-9-23",22,39,1016,8,0,""
"632","2011-9-24",20,37,1015,10,0,""
"633","2011-9-25",23,23,1020,6,0,""
"634","2011-9-26",20,38,1022,6,0,""
"635","2011-9-27",21,38,1025,6,0,""
"636","2011-9-28",19,38,1025,5,0,""
"637","2011-9-29",19,40,1023,6,0,""
"638","2011-9-30",20,46,1023,8,0,""
"639","2011-10-1",19,51,1023,8,0,""
"640","2011-10-2",18,53,1026,8,0,""
"641","2011-10-3",19,39,1026,6,0,""
"642","2011-10-4",20,27,1026,6,0,""
"643","2011-10-5",20,29,1024,5,0,""
"644","2011-10-6",21,33,1023,5,0,""
"645","2011-10-7",18,46,1023,11,0,""
"646","2011-10-8",16,46,1025,11,0,""
"647","2011-10-9",17,47,1025,10,0,""
"648","2011-10-10",19,42,1027,5,0,""
"649","2011-10-11",20,36,1026,5,0,""
"650","2011-10-12",21,32,1024,6,0,""
"651","2011-10-13",21,28,1021,6,0,""
"652","2011-10-14",19,25,1020,5,0,""
"653","2011-10-15",17,38,1022,5,0,""
"654","2011-10-16",18,52,1023,5,0,""
"655","2011-10-17",16,52,1023,6,0,""
"656","2011-10-18",16,54,1021,5,0,""
"657","2011-10-19",16,48,1020,6,0,""
"658","2011-10-20",14,46,1023,14,0,""
"659","2011-10-21",11,53,1020,8,0,""
"660","2011-10-22",14,55,1017,5,0,""
"661","2011-10-23",14,68,1013,10,0,"Rain"
"662","2011-10-24",14,78,1002,18,0,"Rain"
"663","2011-10-25",11,64,1008,16,0,""
"664","2011-10-26",11,73,1012,11,0,""
"665","2011-10-27",12,90,1007,19,0,"Rain-Hail-Thunderstorm"
"666","2011-10-28",13,74,1019,8,0,""
"667","2011-10-29",13,73,1023,8,0,""
"668","2011-10-30",14,74,1023,6,0,""
"669","2011-10-31",14,75,1019,6,0,""
"670","2011-11-1",16,78,1016,6,0,""
"671","2011-11-2",14,79,1010,10,0,"Rain"
"672","2011-11-3",12,85,1002,21,0,"Rain"
"673","2011-11-4",11,92,998,6,0,"Rain"
"674","2011-11-5",10,77,1006,6,0,"Rain"
"675","2011-11-6",11,62,1015,16,0,"Rain"
"676","2011-11-7",11,82,1016,5,0,"Rain"
"677","2011-11-8",10,76,1017,5,0,"Fog"
"678","2011-11-9",9,83,1020,3,0,"Rain"
"679","2011-11-10",13,89,1018,5,0,"Fog-Rain"
"680","2011-11-11",15,83,1017,3,0,""
"681","2011-11-12",14,74,1021,8,0,""
"682","2011-11-13",13,74,1022,8,0,""
"683","2011-11-14",12,82,1016,10,0,"Rain"
"684","2011-11-15",9,90,1014,5,0,"Fog-Rain"
"685","2011-11-16",9,86,1019,5,0,""
"686","2011-11-17",9,85,1023,3,0,""
"687","2011-11-18",10,86,1019,6,0,"Rain"
"688","2011-11-19",12,83,1012,11,0,"Rain"
"689","2011-11-20",11,94,1011,6,0,"Rain"
"690","2011-11-21",13,83,1012,6,0,"Rain"
"691","2011-11-22",11,90,1014,3,0,"Rain"
"692","2011-11-23",13,73,1023,10,0,"Rain"
"693","2011-11-24",10,78,1027,8,0,""
"694","2011-11-25",9,76,1030,5,0,""
"695","2011-11-26",9,75,1030,6,0,""
"696","2011-11-27",7,80,1026,5,0,""
"697","2011-11-28",7,83,1024,3,0,""
"698","2011-11-29",7,86,1025,5,0,""
"699","2011-11-30",7,85,1028,5,0,""
"700","2011-12-1",7,85,1026,6,0,""
"701","2011-12-2",8,73,1019,11,0,"Rain"
"702","2011-12-3",6,80,1025,5,0,""
"703","2011-12-4",4,85,1024,3,0,""
"704","2011-12-5",7,84,1023,3,0,"Fog"
"705","2011-12-6",9,76,1025,8,0,""
"706","2011-12-7",6,93,1030,3,0,"Fog"
"707","2011-12-8",7,88,1029,3,0,"Fog"
"708","2011-12-9",5,91,1023,5,0,"Fog"
"709","2011-12-10",4,99,1020,3,0,"Fog-Rain"
"710","2011-12-11",6,89,1019,5,0,""
"711","2011-12-12",7,91,1024,6,0,""
"712","2011-12-13",8,85,1023,14,0,""
"713","2011-12-14",11,79,1021,16,0,""
"714","2011-12-15",9,66,1028,14,0,""
"715","2011-12-16",9,80,1021,23,0,"Rain"
"716","2011-12-17",6,63,1022,8,0,""
"717","2011-12-18",3,69,1023,10,0,""
"718","2011-12-19",3,73,1027,5,0,""
"719","2011-12-20",3,78,1029,5,0,""
"720","2011-12-21",8,78,1029,5,0,""
"721","2011-12-22",7,82,1029,3,0,""
"722","2011-12-23",6,79,1027,5,0,""
"723","2011-12-24",7,62,1031,10,0,""
"724","2011-12-25",6,63,1032,6,0,""
"725","2011-12-26",3,72,1033,5,0,""
"726","2011-12-27",4,78,1033,5,0,""
"727","2011-12-28",4,73,1033,5,0,""
"728","2011-12-29",4,65,1033,10,0,""
"729","2011-12-30",3,70,1033,5,0,""
"730","2011-12-31",6,71,1031,3,0,""
"731","2012-1-1",4,78,1027,6,0,""
"732","2012-1-2",8,71,1028,16,0,""
"733","2012-1-3",4,78,1033,5,0,""
"734","2012-1-4",4,80,1034,5,0,""
"735","2012-1-5",6,84,1032,3,0,""
"736","2012-1-6",8,78,1029,8,0,""
"737","2012-1-7",7,77,1030,3,0,""
"738","2012-1-8",7,65,1028,8,0,""
"739","2012-1-9",6,65,1027,6,0,""
"740","2012-1-10",3,70,1030,5,0,""
"741","2012-1-11",4,70,1030,5,0,""
"742","2012-1-12",3,75,1030,5,0,""
"743","2012-1-13",4,80,1026,3,0,""
"744","2012-1-14",3,87,1021,5,0,""
"745","2012-1-15",0,94,1018,2,0,"Fog"
"746","2012-1-16",3,90,1013,8,0,"Rain"
"747","2012-1-17",6,72,1026,8,0,""
"748","2012-1-18",4,78,1033,5,0,""
"749","2012-1-19",7,81,1036,5,0,""
"750","2012-1-20",8,80,1033,6,0,""
"751","2012-1-21",8,73,1030,6,0,""
"752","2012-1-22",7,78,1024,5,0,""
"753","2012-1-23",7,74,1020,6,0,""
"754","2012-1-24",8,67,1023,10,0,""
"755","2012-1-25",6,74,1020,5,0,""
"756","2012-1-26",3,85,1017,5,0,""
"757","2012-1-27",6,79,1019,8,0,""
"758","2012-1-28",6,63,1025,13,0,""
"759","2012-1-29",6,49,1024,23,0,""
"760","2012-1-30",3,58,1023,8,0,""
"761","2012-1-31",4,66,1021,5,0,""
"762","2012-2-1",3,74,1014,5,0,"Rain"
"763","2012-2-2",2,53,1013,24,0,"Rain"
"764","2012-2-3",1,42,1023,27,0,""
"765","2012-2-4",1,48,1030,26,0,""
"766","2012-2-5",4,58,1028,19,0,""
"767","2012-2-6",9,54,1027,21,0,""
"768","2012-2-7",4,62,1024,14,0,""
"769","2012-2-8",1,49,1023,23,0,""
"770","2012-2-9",2,61,1026,6,0,""
"771","2012-2-10",2,60,1022,8,0,""
"772","2012-2-11",0,46,1021,8,0,""
"773","2012-2-12",-1,45,1022,16,0,""
"774","2012-2-13",2,51,1026,19,0,""
"775","2012-2-14",4,62,1021,10,0,""
"776","2012-2-15",3,61,1025,11,0,""
"777","2012-2-16",4,59,1023,13,0,""
"778","2012-2-17",6,58,1023,8,0,""
"779","2012-2-18",4,56,1022,6,0,""
"780","2012-2-19",4,60,1022,8,0,""
"781","2012-2-20",4,42,1026,10,0,""
"782","2012-2-21",3,39,1026,5,0,""
"783","2012-2-22",4,35,1027,6,0,""
"784","2012-2-23",6,31,1028,6,0,""
"785","2012-2-24",8,35,1027,6,0,""
"786","2012-2-25",8,35,1024,6,0,""
"787","2012-2-26",12,42,1021,5,0,""
"788","2012-2-27",10,46,1021,6,0,""
"789","2012-2-28",10,52,1021,5,0,""
"790","2012-2-29",11,51,1022,5,0,""
"791","2012-3-1",11,51,1021,6,0,"Rain"
"792","2012-3-2",8,71,1024,6,0,""
"793","2012-3-3",9,71,1028,6,0,""
"794","2012-3-4",10,72,1026,10,0,""
"795","2012-3-5",8,50,1027,10,0,""
"796","2012-3-6",7,41,1025,10,0,""
"797","2012-3-7",6,39,1027,8,0,""
"798","2012-3-8",7,41,1028,13,0,""
"799","2012-3-9",11,40,1028,11,0,""
"800","2012-3-10",9,40,1031,6,0,""
"801","2012-3-11",11,40,1025,6,0,""
"802","2012-3-12",12,39,1024,6,0,""
"803","2012-3-13",13,38,1024,6,0,""
"804","2012-3-14",14,34,1025,6,0,""
"805","2012-3-15",15,30,1025,6,0,""
"806","2012-3-16",12,41,1023,8,0,""
"807","2012-3-17",9,61,1023,13,0,""
"808","2012-3-18",9,45,1024,16,0,""
"809","2012-3-19",7,43,1028,13,0,""
"810","2012-3-20",6,46,1026,14,0,""
"811","2012-3-21",4,87,1020,18,0,"Rain-Snow"
"812","2012-3-22",8,73,1023,3,0,"Fog"
"813","2012-3-23",10,60,1021,6,0,""
"814","2012-3-24",12,53,1021,6,0,""
"815","2012-3-25",12,50,1023,6,0,""
"816","2012-3-26",12,43,1024,8,0,""
"817","2012-3-27",11,45,1025,6,0,""
"818","2012-3-28",12,43,1024,6,0,""
"819","2012-3-29",12,38,1021,6,0,""
"820","2012-3-30",13,34,1017,6,0,""
"821","2012-3-31",13,40,1011,6,0,""
"822","2012-4-1",14,46,1008,5,0,""
"823","2012-4-2",14,62,1007,8,0,"Rain"
"824","2012-4-3",13,80,1005,6,0,"Rain"
"825","2012-4-4",10,94,1006,5,0,"Rain"
"826","2012-4-5",11,86,1006,11,0,"Rain"
"827","2012-4-6",7,76,1008,13,0,"Rain"
"828","2012-4-7",7,73,1012,14,0,""
"829","2012-4-8",10,65,1017,6,0,""
"830","2012-4-9",12,55,1013,6,0,""
"831","2012-4-10",14,56,1006,16,0.51,"Rain-Thunderstorm"
"832","2012-4-11",12,50,1010,19,0,""
"833","2012-4-12",12,65,1005,8,0,"Rain"
"834","2012-4-13",10,51,1008,13,0,""
"835","2012-4-14",11,67,1005,26,0.51,"Rain-Thunderstorm"
"836","2012-4-15",8,57,1010,18,0,""
"837","2012-4-16",9,43,1019,31,0,""
"838","2012-4-17",10,41,1017,11,0,""
"839","2012-4-18",11,54,1009,24,0,"Rain"
"840","2012-4-19",12,62,1004,26,0,"Rain"
"841","2012-4-20",14,54,1009,24,0,""
"842","2012-4-21",13,58,1014,16,0.25,""
"843","2012-4-22",13,48,1015,18,0,""
"844","2012-4-23",12,52,1014,13,0,""
"845","2012-4-24",12,39,1014,26,0,""
"846","2012-4-25",13,50,1008,16,0,""
"847","2012-4-26",13,75,1008,19,0.25,"Rain"
"848","2012-4-27",14,78,1010,10,4.06,"Rain"
"849","2012-4-28",10,81,1007,13,3.05,"Rain"
"850","2012-4-29",9,81,1010,14,3.05,"Rain-Thunderstorm"
"851","2012-4-30",10,76,1012,11,1.02,"Rain"
"852","2012-5-1",9,72,1015,8,0,""
"853","2012-5-2",11,63,1015,6,0,""
"854","2012-5-3",12,73,1013,8,2.03,"Rain"
"855","2012-5-4",12,84,1010,14,4.06,"Rain-Thunderstorm"
"856","2012-5-5",12,79,1010,14,0,"Rain"
"857","2012-5-6",13,74,1014,6,0,"Fog"
"858","2012-5-7",13,67,1019,8,0,""
"859","2012-5-8",18,65,1019,13,0,""
"860","2012-5-9",18,58,1019,8,0,""
"861","2012-5-10",21,49,1021,8,0,""
"862","2012-5-11",23,44,1025,6,0,"Rain"
"863","2012-5-12",24,48,1025,6,0,"Rain"
"864","2012-5-13",23,43,1021,10,0,""
"865","2012-5-14",22,38,1016,13,0,""
"866","2012-5-15",21,34,1017,13,0,""
"867","2012-5-16",20,35,1019,8,0,""
"868","2012-5-17",22,45,1014,8,0,""
"869","2012-5-18",21,32,1007,14,0,""
"870","2012-5-19",18,57,1007,19,0,"Rain"
"871","2012-5-20",13,59,1009,13,0.25,"Rain-Thunderstorm"
"872","2012-5-21",12,51,1015,11,0,""
"873","2012-5-22",16,46,1021,6,0,""
"874","2012-5-23",19,44,1022,8,0,""
"875","2012-5-24",22,30,1019,6,0,""
"876","2012-5-25",23,33,1014,10,0,""
"877","2012-5-26",20,28,1016,16,0,""
"878","2012-5-27",19,31,1017,6,0,""
"879","2012-5-28",22,23,1015,8,0,""
"880","2012-5-29",22,32,1015,10,0,""
"881","2012-5-30",23,28,1018,6,0,""
"882","2012-5-31",24,26,1019,8,0,""
"883","2012-6-1",25,24,1016,8,0,""
"884","2012-6-2",23,36,1014,11,0,""
"885","2012-6-3",23,40,1015,14,0,""
"886","2012-6-4",21,34,1017,6,0,""
"887","2012-6-5",24,33,1016,10,0,""
"888","2012-6-6",24,37,1013,13,0,""
"889","2012-6-7",23,40,1009,19,0,""
"890","2012-6-8",19,35,1014,11,0,""
"891","2012-6-9",19,33,1018,10,0,""
"892","2012-6-10",23,41,1016,18,0,""
"893","2012-6-11",22,33,1012,24,0,""
"894","2012-6-12",18,35,1016,19,0,""
"895","2012-6-13",19,34,1017,8,0,""
"896","2012-6-14",22,28,1015,10,0,""
"897","2012-6-15",23,31,1018,16,0,""
"898","2012-6-16",23,28,1020,13,0,""
"899","2012-6-17",24,30,1017,10,0,""
"900","2012-6-18",23,32,1015,8,0,"Rain-Thunderstorm"
"901","2012-6-19",22,63,1014,11,0,"Rain"
"902","2012-6-20",22,51,1015,8,0,""
"903","2012-6-21",24,31,1016,14,0,""
"904","2012-6-22",23,25,1019,10,0,""
"905","2012-6-23",26,25,1021,8,0,""
"906","2012-6-24",27,21,1021,5,0,""
"907","2012-6-25",30,22,1020,10,0,""
"908","2012-6-26",31,21,1020,10,0,""
"909","2012-6-27",31,20,1017,8,0,""
"910","2012-6-28",29,20,1013,16,0,""
"911","2012-6-29",26,25,1013,18,0,""
"912","2012-6-30",22,28,1014,14,0,""
"913","2012-7-1",21,31,1018,14,0,""
"914","2012-7-2",21,29,1019,8,0,""
"915","2012-7-3",24,22,1017,8,0,""
"916","2012-7-4",24,25,1012,11,0,""
"917","2012-7-5",22,30,1011,11,0,""
"918","2012-7-6",22,29,1013,8,0,""
"919","2012-7-7",23,28,1012,13,0,""
"920","2012-7-8",23,30,1014,10,0,""
"921","2012-7-9",23,20,1014,13,0,""
"922","2012-7-10",22,19,1015,13,0,""
"923","2012-7-11",22,22,1017,13,0,""
"924","2012-7-12",23,28,1020,10,0,""
"925","2012-7-13",25,20,1016,13,0,""
"926","2012-7-14",25,31,1015,11,0,""
"927","2012-7-15",23,28,1020,8,0,""
"928","2012-7-16",26,32,1025,13,0,""
"929","2012-7-17",28,20,1026,10,0,""
"930","2012-7-18",28,19,1022,8,0,""
"931","2012-7-19",28,16,1015,8,0,""
"932","2012-7-20",26,18,1013,10,0,""
"933","2012-7-21",27,29,1017,11,0,""
"934","2012-7-22",27,26,1019,13,0,""
"935","2012-7-23",26,19,1015,10,0,""
"936","2012-7-24",27,37,1013,10,0,""
"937","2012-7-25",28,32,1014,11,1.02,"Rain"
"938","2012-7-26",27,50,1014,11,5.08,"Rain-Thunderstorm"
"939","2012-7-27",24,55,1014,13,0.51,"Rain-Thunderstorm"
"940","2012-7-28",23,48,1014,8,0,""
"941","2012-7-29",25,37,1016,8,0,""
"942","2012-7-30",26,30,1018,8,0,""
"943","2012-7-31",27,21,1017,13,0,""
"944","2012-8-1",24,18,1015,14,0,""
"945","2012-8-2",25,22,1015,8,0,""
"946","2012-8-3",27,23,1016,8,0,""
"947","2012-8-4",25,23,1013,10,0,""
"948","2012-8-5",23,31,1010,11,0,""
"949","2012-8-6",22,44,1017,6,0,""
"950","2012-8-7",25,35,1020,10,0,""
"951","2012-8-8",27,34,1020,10,0,""
"952","2012-8-9",29,26,1020,8,0,""
"953","2012-8-10",30,20,1021,10,0,""
"954","2012-8-11",29,19,1018,13,0,""
"955","2012-8-12",26,20,1015,13,0,""
"956","2012-8-13",24,23,1013,6,0,""
"957","2012-8-14",24,26,1012,13,0,""
"958","2012-8-15",23,43,1015,18,0,""
"959","2012-8-16",24,46,1018,10,0,""
"960","2012-8-17",28,33,1016,6,0,""
"961","2012-8-18",29,26,1017,6,0,""
"962","2012-8-19",31,25,1020,10,0,""
"963","2012-8-20",29,26,1021,8,0,""
"964","2012-8-21",29,22,1020,8,0,""
"965","2012-8-22",28,22,1016,8,0,""
"966","2012-8-23",26,22,1013,11,0,""
"967","2012-8-24",23,27,1013,13,0,""
"968","2012-8-25",25,31,1016,10,0,""
"969","2012-8-26",23,28,1019,8,0,""
"970","2012-8-27",24,26,1018,8,0,""
"971","2012-8-28",23,21,1019,10,0,""
"972","2012-8-29",24,29,1018,10,0,""
"973","2012-8-30",26,25,1020,10,0,""
"974","2012-8-31",20,34,1025,19,0,""
"975","2012-9-1",18,31,1023,11,0,""
"976","2012-9-2",19,25,1022,13,0,""
"977","2012-9-3",21,34,1021,16,0,""
"978","2012-9-4",22,39,1019,14,0,""
"979","2012-9-5",22,38,1017,10,0,""
"980","2012-9-6",23,35,1020,5,0,""
"981","2012-9-7",24,32,1022,6,0,""
"982","2012-9-8",25,35,1020,8,0.51,"Rain-Thunderstorm"
"983","2012-9-9",22,47,1018,6,0,""
"984","2012-9-10",22,36,1017,8,0,""
"985","2012-9-11",22,36,1019,5,0,""
"986","2012-9-12",23,32,1019,6,0,""
"987","2012-9-13",20,41,1019,14,0,""
"988","2012-9-14",21,33,1018,10,0,""
"989","2012-9-15",23,20,1016,6,0,""
"990","2012-9-16",22,21,1015,8,0,""
"991","2012-9-17",23,24,1015,8,0,""
"992","2012-9-18",22,33,1015,8,0,""
"993","2012-9-19",24,44,1015,10,0,""
"994","2012-9-20",23,47,1017,10,0,""
"995","2012-9-21",23,52,1016,10,0,""
"996","2012-9-22",23,43,1015,6,0,""
"997","2012-9-23",22,54,1013,11,0,"Rain"
"998","2012-9-24",18,57,1016,26,0,""
"999","2012-9-25",16,58,1010,23,0,""
"1000","2012-9-26",16,62,1007,19,0.51,"Rain"
"1001","2012-9-27",13,61,1014,5,0.76,""
"1002","2012-9-28",14,96,1013,10,32,"Rain"
"1003","2012-9-29",16,77,1013,13,3.05,"Rain"
"1004","2012-9-30",14,62,1020,6,0,""
"1005","2012-10-1",15,66,1021,5,0,""
"1006","2012-10-2",16,64,1022,5,0,""
"1007","2012-10-3",17,62,1020,5,0,""
"1008","2012-10-4",17,58,1018,5,0,""
"1009","2012-10-5",18,53,1019,6,0,""
"1010","2012-10-6",17,59,1021,6,0,""
"1011","2012-10-7",20,60,1023,3,0,""
"1012","2012-10-8",21,58,1021,5,0,""
"1013","2012-10-9",20,59,1019,5,0,""
"1014","2012-10-10",20,65,1016,8,0,""
"1015","2012-10-11",20,61,1013,16,0,"Rain-Thunderstorm"
"1016","2012-10-12",17,77,1015,10,4.06,"Rain"
"1017","2012-10-13",16,61,1015,8,0,""
"1018","2012-10-14",13,63,1010,11,0,"Rain"
"1019","2012-10-15",11,55,1013,13,0,""
"1020","2012-10-16",12,63,1016,6,0,""
"1021","2012-10-17",14,58,1011,8,0,""
"1022","2012-10-18",17,54,1004,11,1.02,""
"1023","2012-10-19",12,82,1009,10,1.02,"Rain"
"1024","2012-10-20",14,82,1012,5,1.02,"Rain"
"1025","2012-10-21",11,84,1012,5,2.03,"Rain"
"1026","2012-10-22",13,82,1019,3,0,"Fog"
"1027","2012-10-23",16,75,1020,5,0,""
"1028","2012-10-24",14,86,1015,6,0.51,"Rain"
"1029","2012-10-25",14,88,1009,10,2.03,"Rain"
"1030","2012-10-26",14,82,1003,11,0,"Rain"
"1031","2012-10-27",13,73,1006,11,0,"Rain"
"1032","2012-10-28",8,56,1017,16,0,""
"1033","2012-10-29",6,68,1015,5,0,""
"1034","2012-10-30",7,88,1003,8,12.95,"Rain"
"1035","2012-10-31",8,81,1001,10,0,""
"1036","2012-11-1",9,75,1005,19,0,""
"1037","2012-11-2",12,77,1013,21,0.25,""
"1038","2012-11-3",11,95,1011,5,6.1,"Rain"
"1039","2012-11-4",12,93,1007,5,7.87,"Rain"
"1040","2012-11-5",8,64,1016,11,0,""
"1041","2012-11-6",9,69,1022,8,0,""
"1042","2012-11-7",7,74,1025,13,2.03,"Rain"
"1043","2012-11-8",10,98,1020,6,7.11,"Rain"
"1044","2012-11-9",13,93,1015,5,0.51,"Rain"
"1045","2012-11-10",11,85,1011,14,0.25,"Rain"
"1046","2012-11-11",8,63,1011,18,0,""
"1047","2012-11-12",8,61,1022,10,0,""
"1048","2012-11-13",9,60,1021,11,0,""
"1049","2012-11-14",13,73,1018,8,0,""
"1050","2012-11-15",12,84,1019,5,0,""
"1051","2012-11-16",13,85,1016,3,0,""
"1052","2012-11-17",11,92,1009,5,0.25,"Rain"
"1053","2012-11-18",11,82,1011,6,0,"Fog"
"1054","2012-11-19",9,81,1017,6,0,""
"1055","2012-11-20",8,95,1019,5,0,"Fog"
"1056","2012-11-21",10,83,1019,3,0,""
"1057","2012-11-22",9,76,1022,10,0,""
"1058","2012-11-23",9,84,1021,5,0,""
"1059","2012-11-24",10,86,1019,3,0,""
"1060","2012-11-25",12,85,1019,3,0,""
"1061","2012-11-26",10,78,1013,6,0.25,""
"1062","2012-11-27",4,68,1009,6,0,""
"1063","2012-11-28",3,74,1008,8,0,""
"1064","2012-11-29",6,57,1012,11,0,""
"1065","2012-11-30",6,64,1006,6,0,""
"1066","2012-12-1",3,57,1011,10,0,""
"1067","2012-12-2",2,67,1023,3,0,""
"1068","2012-12-3",4,74,1028,3,0,""
"1069","2012-12-4",7,68,1023,11,0,""
"1070","2012-12-5",6,57,1020,18,0,""
"1071","2012-12-6",3,81,1021,5,0,""
"1072","2012-12-7",5,92,1017,5,0.51,"Rain"
"1073","2012-12-8",6,71,1022,10,0,"Fog"
"1074","2012-12-9",4,77,1026,5,0,""
"1075","2012-12-10",2,86,1022,5,0,""
"1076","2012-12-11",3,79,1020,6,0,""
"1077","2012-12-12",3,83,1016,5,0,""
"1078","2012-12-13",3,88,1014,6,0.25,"Rain"
"1079","2012-12-14",10,87,1011,19,0.76,"Fog-Rain"
"1080","2012-12-15",12,84,1016,24,0.76,"Rain"
"1081","2012-12-16",11,86,1022,21,0,""
"1082","2012-12-17",9,65,1022,18,0,"Rain"
"1083","2012-12-18",4,96,1024,5,0,"Fog"
"1084","2012-12-19",9,96,1022,5,0.51,"Fog"
"1085","2012-12-20",10,84,1019,11,0,""
"1086","2012-12-21",12,81,1021,23,0,""
"1087","2012-12-22",9,95,1026,6,0,"Fog"
"1088","2012-12-23",9,87,1024,6,0,""
"1089","2012-12-24",8,83,1019,5,0,""
"1090","2012-12-25",7,85,1014,8,0,"Rain"
"1091","2012-12-26",6,78,1025,5,0,""
"1092","2012-12-27",2,97,1032,5,0,"Fog"
"1093","2012-12-28",6,89,1032,5,0,"Fog"
"1094","2012-12-29",1,99,1027,5,0,"Fog"
"1095","2012-12-30",2,98,1032,3,0,"Fog"
"1096","2012-12-31",2,98,1027,5,2.03,"Fog-Rain"
"1097","2013-1-1",6,93,1021,5,1.02,"Rain"
"1098","2013-1-2",6,81,1026,10,0,"Fog"
"1099","2013-1-3",7,66,1034,5,0,""
"1100","2013-1-4",4,70,1038,5,0,""
"1101","2013-1-5",4,81,1034,5,0,""
"1102","2013-1-6",3,85,1030,5,0,""
"1103","2013-1-7",1,99,1029,5,0,"Fog"
"1104","2013-1-8",1,97,1030,5,0,""
"1105","2013-1-9",2,89,1027,5,0,""
"1106","2013-1-10",8,96,1025,3,0,"Fog"
"1107","2013-1-11",6,91,1024,5,0,"Fog"
"1108","2013-1-12",8,84,1018,11,2.03,"Fog"
"1109","2013-1-13",6,68,1014,21,2.03,"Rain"
"1110","2013-1-14",5,63,1021,13,0,""
"1111","2013-1-15",7,60,1019,19,0,""
"1112","2013-1-16",8,76,1014,23,0.51,"Rain"
"1113","2013-1-17",9,67,1014,19,0,""
"1114","2013-1-18",11,86,1008,24,0,""
"1115","2013-1-19",8,84,986,26,5.08,"Rain"
"1116","2013-1-20",6,69,1001,19,0.25,"Rain"
"1117","2013-1-21",6,62,1008,18,0.25,"Rain"
"1118","2013-1-22",2,83,1008,16,3.05,"Rain-Snow"
"1119","2013-1-23",3,66,1013,19,0,"Rain"
"1120","2013-1-24",8,64,1012,23,0,"Rain"
"1121","2013-1-25",6,79,1016,5,0,""
"1122","2013-1-26",10,63,1018,10,0,"Fog"
"1123","2013-1-27",6,81,1019,6,0.25,"Rain"
"1124","2013-1-28",7,66,1026,13,0,""
"1125","2013-1-29",5,83,1030,5,0,""
"1126","2013-1-30",7,83,1030,5,0,""
"1127","2013-1-31",8,84,1032,5,0,""
"1128","2013-2-1",7,88,1024,8,0.51,"Fog-Rain"
"1129","2013-2-2",7,62,1017,29,0.51,"Rain"
"1130","2013-2-3",6,52,1027,24,0,""
"1131","2013-2-4",7,66,1030,5,0,""
"1132","2013-2-5",8,72,1025,8,0,""
"1133","2013-2-6",8,52,1018,26,0,"Rain"
"1134","2013-2-7",6,48,1023,14,0,""
"1135","2013-2-8",4,58,1019,10,0,""
"1136","2013-2-9",6,55,1023,11,0,""
"1137","2013-2-10",4,76,1016,13,0,"Rain"
"1138","2013-2-11",6,56,1010,26,0,""
"1139","2013-2-12",4,56,1015,14,0,""
"1140","2013-2-13",8,67,1021,5,0,""
"1141","2013-2-14",8,73,1023,5,0,""
"1142","2013-2-15",8,71,1021,5,0,""
"1143","2013-2-16",7,77,1019,5,0,""
"1144","2013-2-17",6,86,1014,6,0.25,"Rain"
"1145","2013-2-18",9,82,1012,6,0.25,"Rain"
"1146","2013-2-19",8,86,1011,10,0.76,"Rain"
"1147","2013-2-20",10,80,1013,6,0,"Rain"
"1148","2013-2-21",8,81,1011,14,1.02,"Rain"
"1149","2013-2-22",9,82,1003,14,2.03,"Rain"
"1150","2013-2-23",3,61,1008,24,0,""
"1151","2013-2-24",3,62,1018,8,0,"Rain"
"1152","2013-2-25",4,52,1020,16,0,""
"1153","2013-2-26",3,56,1020,10,0,""
"1154","2013-2-27",3,66,1017,6,0,"Rain-Snow"
"1155","2013-2-28",3,71,1012,16,0.76,"Rain-Snow"
"1156","2013-3-1",8,55,1013,13,0,""
"1157","2013-3-2",6,64,1017,3,0,""
"1158","2013-3-3",8,64,1014,8,0,""
"1159","2013-3-4",9,73,1003,10,7.11,"Rain"
"1160","2013-3-5",11,94,996,8,7.87,"Rain"
"1161","2013-3-6",11,87,998,8,0.51,"Fog-Rain"
"1162","2013-3-7",13,90,1002,19,8.89,"Rain-Thunderstorm"
"1163","2013-3-8",10,90,1008,14,7.87,"Rain"
"1164","2013-3-9",11,79,1007,13,4.06,"Rain"
"1165","2013-3-10",9,77,1006,18,0,"Rain"
"1166","2013-3-11",9,73,1006,26,0,""
"1167","2013-3-12",8,66,1004,14,0,""
"1168","2013-3-13",4,51,1006,24,0,""
"1169","2013-3-14",4,50,1016,14,0,""
"1170","2013-3-15",6,53,1017,6,0,""
"1171","2013-3-16",8,66,1011,10,0.51,"Rain"
"1172","2013-3-17",8,92,1001,8,3.05,"Rain"
"1173","2013-3-18",8,55,1006,19,0,""
"1174","2013-3-19",6,87,1004,6,0.51,"Rain"
"1175","2013-3-20",9,70,1011,6,0,""
"1176","2013-3-21",8,71,1016,8,0,""
"1177","2013-3-22",7,83,1008,10,0.76,"Rain"
"1178","2013-3-23",9,82,1004,8,2.03,"Rain"
"1179","2013-3-24",10,79,1004,10,1.02,"Rain"
"1180","2013-3-25",8,78,1009,21,0.51,"Rain"
"1181","2013-3-26",11,89,1006,23,2.03,"Rain"
"1182","2013-3-27",12,81,1003,16,0.51,"Rain"
"1183","2013-3-28",13,74,1008,18,0,"Rain"
"1184","2013-3-29",12,88,1011,26,2.03,"Rain"
"1185","2013-3-30",13,57,1012,21,0,""
"1186","2013-3-31",11,82,1007,13,4.06,"Rain"
"1187","2013-4-1",11,71,1003,14,6.1,"Rain-Thunderstorm"
"1188","2013-4-2",10,66,1009,16,0.25,"Rain"
"1189","2013-4-3",9,84,1005,6,6.1,"Rain"
"1190","2013-4-4",10,80,1001,11,0.25,"Rain"
"1191","2013-4-5",7,70,1006,14,0,"Rain"
"1192","2013-4-6",6,56,1017,11,0,""
"1193","2013-4-7",6,66,1017,6,0,""
"1194","2013-4-8",11,60,1012,19,0,"Rain"
"1195","2013-4-9",11,69,1013,26,0,""
"1196","2013-4-10",13,76,1017,19,0,""
"1197","2013-4-11",14,73,1015,18,0,""
"1198","2013-4-12",11,65,1017,16,0,""
"1199","2013-4-13",12,64,1021,5,0,""
"1200","2013-4-14",16,53,1021,8,0,""
"1201","2013-4-15",17,55,1022,10,0,""
"1202","2013-4-16",17,62,1022,6,0,""
"1203","2013-4-17",18,55,1021,8,0,""
"1204","2013-4-18",17,52,1020,8,0,""
"1205","2013-4-19",14,55,1021,11,0,""
"1206","2013-4-20",11,39,1023,13,0,""
"1207","2013-4-21",12,39,1019,8,0,""
"1208","2013-4-22",14,33,1017,11,0,""
"1209","2013-4-23",13,49,1021,10,0,""
"1210","2013-4-24",13,51,1022,6,0,""
"1211","2013-4-25",13,46,1019,11,0,""
"1212","2013-4-26",15,66,1015,11,6.1,"Rain"
"1213","2013-4-27",10,65,1009,14,6.1,"Rain"
"1214","2013-4-28",5,63,1009,18,0,"Rain"
"1215","2013-4-29",7,81,1009,19,1.02,"Rain"
"1216","2013-4-30",10,72,1011,8,1.02,"Rain"
"1217","2013-5-1",11,80,1016,5,0,"Rain"
"1218","2013-5-2",9,70,1018,6,0,""
"1219","2013-5-3",12,59,1019,8,0,""
"1220","2013-5-4",13,54,1019,6,0,""
"1221","2013-5-5",14,48,1020,6,0,""
"1222","2013-5-6",16,50,1021,11,0,"Rain"
"1223","2013-5-7",19,50,1020,11,0,""
"1224","2013-5-8",20,49,1017,8,0,""
"1225","2013-5-9",19,59,1016,11,0,""
"1226","2013-5-10",19,56,1018,8,0,""
"1227","2013-5-11",17,46,1019,6,0,""
"1228","2013-5-12",17,38,1020,10,0,""
"1229","2013-5-13",18,42,1019,8,0,""
"1230","2013-5-14",19,67,1011,11,3.05,"Rain-Thunderstorm"
"1231","2013-5-15",10,79,1003,10,0.51,"Rain"
"1232","2013-5-16",9,63,1003,10,0,"Thunderstorm"
"1233","2013-5-17",9,75,1000,16,6.1,"Rain"
"1234","2013-5-18",10,71,1007,16,3.05,"Rain"
"1235","2013-5-19",11,62,1016,13,0.76,"Rain-Thunderstorm"
"1236","2013-5-20",9,74,1018,6,0.51,"Rain"
"1237","2013-5-21",11,64,1018,10,0,""
"1238","2013-5-22",15,53,1018,11,0,""
"1239","2013-5-23",15,49,1017,11,0,""
"1240","2013-5-24",16,45,1016,6,0,""
"1241","2013-5-25",16,38,1017,6,0,""
"1242","2013-5-26",17,54,1015,11,0.51,"Rain"
"1243","2013-5-27",15,65,1010,10,1.02,"Rain-Thunderstorm"
"1244","2013-5-28",16,43,1010,16,0,""
"1245","2013-5-29",13,45,1013,18,5.08,"Rain"
"1246","2013-5-30",13,64,1017,6,4.06,"Rain"
"1247","2013-5-31",13,53,1020,13,0,""
"1248","2013-6-1",16,45,1021,11,0,""
"1249","2013-6-2",17,46,1020,14,0,""
"1250","2013-6-3",18,44,1018,11,0,""
"1251","2013-6-4",19,39,1014,8,0,""
"1252","2013-6-5",21,38,1013,8,0,""
"1253","2013-6-6",21,49,1015,13,0,"Rain"
"1254","2013-6-7",18,54,1016,14,0,"Rain"
"1255","2013-6-8",16,55,1015,18,0,"Rain"
"1256","2013-6-9",17,63,1014,16,1.02,"Rain"
"1257","2013-6-10",18,67,1018,8,0,""
"1258","2013-6-11",21,51,1020,6,0,""
"1259","2013-6-12",23,44,1021,5,0,""
"1260","2013-6-13",25,40,1018,11,0,""
"1261","2013-6-14",25,40,1016,11,0,""
"1262","2013-6-15",24,26,1016,10,0,""
"1263","2013-6-16",24,28,1013,10,0,""
"1264","2013-6-17",21,36,1010,16,0,""
"1265","2013-6-18",16,45,1011,16,0,""
"1266","2013-6-19",15,53,1015,10,0,""
"1267","2013-6-20",19,48,1017,6,0,""
"1268","2013-6-21",21,39,1018,6,0,"Thunderstorm"
"1269","2013-6-22",22,47,1022,5,0,""
"1270","2013-6-23",24,36,1020,8,0,""
"1271","2013-6-24",21,29,1023,13,0,""
"1272","2013-6-25",23,20,1022,10,0,""
"1273","2013-6-26",24,28,1022,13,0,""
"1274","2013-6-27",24,32,1021,8,0,""
"1275","2013-6-28",23,24,1023,11,0,""
"1276","2013-6-29",24,33,1024,13,0,""
"1277","2013-6-30",26,28,1021,8,0,""
"1278","2013-7-1",26,28,1016,8,0,""
"1279","2013-7-2",27,34,1016,10,0,""
"1280","2013-7-3",26,30,1018,6,0,""
"1281","2013-7-4",28,36,1021,13,0,""
"1282","2013-7-5",29,24,1022,11,0,""
"1283","2013-7-6",29,27,1022,6,0,""
"1284","2013-7-7",29,25,1021,8,0,""
"1285","2013-7-8",28,24,1020,8,0,""
"1286","2013-7-9",28,30,1017,8,0.51,"Rain-Thunderstorm"
"1287","2013-7-10",27,34,1014,11,0,""
"1288","2013-7-11",28,30,1012,8,0,""
"1289","2013-7-12",29,27,1013,10,0,""
"1290","2013-7-13",27,22,1015,13,0,""
"1291","2013-7-14",27,28,1016,13,0,""
"1292","2013-7-15",27,32,1019,10,0,""
"1293","2013-7-16",27,32,1019,10,0,""
"1294","2013-7-17",27,35,1019,11,0,""
"1295","2013-7-18",27,38,1019,11,0,""
"1296","2013-7-19",27,33,1016,10,0,""
"1297","2013-7-20",28,31,1014,8,0,""
"1298","2013-7-21",27,40,1017,10,0,"Thunderstorm"
"1299","2013-7-22",24,45,1017,6,0,""
"1300","2013-7-23",27,31,1015,10,0,""
"1301","2013-7-24",27,27,1017,8,0,""
"1302","2013-7-25",27,27,1016,10,0,""
"1303","2013-7-26",27,30,1013,10,0,""
"1304","2013-7-27",22,39,1012,11,0,"Rain"
"1305","2013-7-28",22,37,1016,16,0,""
"1306","2013-7-29",21,40,1023,5,0,""
"1307","2013-7-30",24,26,1024,6,0,""
"1308","2013-7-31",28,24,1019,10,0,""
"1309","2013-8-1",28,24,1015,11,0,""
"1310","2013-8-2",28,27,1015,16,0,""
"1311","2013-8-3",26,24,1018,11,0,""
"1312","2013-8-4",24,21,1019,6,0,""
"1313","2013-8-5",26,23,1016,10,0,""
"1314","2013-8-6",25,26,1015,11,0,""
"1315","2013-8-7",25,34,1012,10,0,"Rain"
"1316","2013-8-8",23,37,1020,8,0,""
"1317","2013-8-9",24,37,1024,10,0,""
"1318","2013-8-10",27,27,1021,8,0,""
"1319","2013-8-11",28,21,1018,8,0,""
"1320","2013-8-12",29,29,1015,8,1.02,"Rain"
"1321","2013-8-13",28,35,1016,10,0,""
"1322","2013-8-14",28,34,1018,8,0,""
"1323","2013-8-15",28,34,1018,10,0,""
"1324","2013-8-16",29,31,1017,10,0,"Thunderstorm"
"1325","2013-8-17",27,35,1017,8,0,""
"1326","2013-8-18",28,36,1017,6,0,""
"1327","2013-8-19",28,28,1019,8,0,""
"1328","2013-8-20",29,36,1020,10,0,""
"1329","2013-8-21",29,26,1019,6,0,""
"1330","2013-8-22",27,24,1015,8,0,""
"1331","2013-8-23",26,22,1014,6,0,""
"1332","2013-8-24",26,37,1015,6,0,""
"1333","2013-8-25",24,38,1014,14,0,""
"1334","2013-8-26",24,41,1011,13,0,""
"1335","2013-8-27",24,39,1013,10,0,""
"1336","2013-8-28",23,46,1015,14,6.1,"Rain-Thunderstorm"
"1337","2013-8-29",22,51,1019,10,0,"Rain-Thunderstorm"
"1338","2013-8-30",22,46,1021,6,0,""
"1339","2013-8-31",22,43,1022,6,0,""
"1340","2013-9-1",24,35,1022,10,0,""
"1341","2013-9-2",24,33,1023,6,0,""
"1342","2013-9-3",24,31,1022,6,0,""
"1343","2013-9-4",24,31,1020,6,0,""
"1344","2013-9-5",23,45,1015,10,0,"Thunderstorm"
"1345","2013-9-6",23,46,1013,8,0,""
"1346","2013-9-7",21,50,1015,10,0,"Rain-Thunderstorm"
"1347","2013-9-8",21,60,1020,6,0,"Rain"
"1348","2013-9-9",21,42,1023,6,0,""
"1349","2013-9-10",22,38,1020,8,0,""
"1350","2013-9-11",19,54,1020,14,2.03,"Rain-Thunderstorm"
"1351","2013-9-12",19,46,1021,10,0,""
"1352","2013-9-13",21,42,1022,8,0,""
"1353","2013-9-14",22,40,1020,8,0,""
"1354","2013-9-15",22,38,1016,6,0,""
"1355","2013-9-16",22,32,1015,6,0,""
"1356","2013-9-17",22,37,1014,5,0,""
"1357","2013-9-18",21,38,1016,8,0,""
"1358","2013-9-19",22,38,1017,8,0,""
"1359","2013-9-20",22,41,1020,10,0,""
"1360","2013-9-21",24,38,1022,8,0,""
"1361","2013-9-22",22,37,1023,8,0,""
"1362","2013-9-23",23,42,1020,6,0,""
"1363","2013-9-24",23,40,1016,6,0,""
"1364","2013-9-25",22,42,1014,6,0,""
"1365","2013-9-26",22,44,1015,5,0,""
"1366","2013-9-27",23,45,1013,11,0,"Rain"
"1367","2013-9-28",20,68,1009,19,9.91,"Rain"
"1368","2013-9-29",19,75,1011,21,0,""
"1369","2013-9-30",19,81,1011,14,0.51,"Rain"
"1370","2013-10-1",22,74,1013,16,0.25,"Rain"
"1371","2013-10-2",21,72,1013,5,0,""
"1372","2013-10-3",21,73,1013,8,0,"Rain"
"1373","2013-10-4",21,74,1017,10,2.03,"Rain-Thunderstorm"
"1374","2013-10-5",18,63,1023,3,0,""
"1375","2013-10-6",18,53,1024,10,0,""
"1376","2013-10-7",18,52,1022,10,0,""
"1377","2013-10-8",17,59,1022,5,0,""
"1378","2013-10-9",18,54,1021,6,0,""
"1379","2013-10-10",18,57,1017,5,0,""
"1380","2013-10-11",17,52,1014,6,0,""
"1381","2013-10-12",14,49,1017,8,0,""
"1382","2013-10-13",13,67,1021,6,0,""
"1383","2013-10-14",15,69,1021,6,0,""
"1384","2013-10-15",17,71,1021,8,0,"Rain"
"1385","2013-10-16",18,74,1023,5,0,"Fog"
"1386","2013-10-17",19,66,1020,5,0,""
"1387","2013-10-18",18,59,1016,6,0,""
"1388","2013-10-19",18,66,1017,6,0,"Rain-Thunderstorm"
"1389","2013-10-20",18,76,1019,8,0,"Rain"
"1390","2013-10-21",16,72,1018,6,0,""
"1391","2013-10-22",13,84,1012,10,4.06,"Rain"
"1392","2013-10-23",17,81,1016,11,0,""
"1393","2013-10-24",16,88,1016,8,1.02,"Rain"
"1394","2013-10-25",16,97,1014,10,6.1,"Rain"
"1395","2013-10-26",17,83,1019,6,0.25,"Rain"
"1396","2013-10-27",14,79,1025,5,0,""
"1397","2013-10-28",14,75,1020,8,0,""
"1398","2013-10-29",11,58,1021,10,0,""
"1399","2013-10-30",10,60,1023,6,0,""
"1400","2013-10-31",10,62,1024,3,0,""
"1401","2013-11-1",10,62,1024,5,0,""
"1402","2013-11-2",12,76,1021,6,0,""
"1403","2013-11-3",12,88,1020,5,0,"Fog"
"1404","2013-11-4",12,82,1015,14,0,""
"1405","2013-11-5",18,61,1018,23,0,""
"1406","2013-11-6",16,78,1022,5,0,""
"1407","2013-11-7",14,84,1021,8,0,"Fog"
"1408","2013-11-8",12,81,1020,8,0,""
"1409","2013-11-9",11,57,1024,8,0,""
"1410","2013-11-10",13,66,1027,5,0,""
"1411","2013-11-11",13,65,1026,6,0,""
"1412","2013-11-12",14,65,1023,6,0,""
"1413","2013-11-13",15,58,1022,16,0,""
"1414","2013-11-14",12,52,1027,11,0,""
"1415","2013-11-15",8,48,1022,18,0,""
"1416","2013-11-16",4,76,1019,6,2.03,"Rain"
"1417","2013-11-17",4,94,1015,5,9.91,"Fog-Rain"
"1418","2013-11-18",7,82,1009,8,0.25,"Rain"
"1419","2013-11-19",8,65,1012,11,0,""
"1420","2013-11-20",7,52,1019,18,0,""
"1421","2013-11-21",4,63,1012,10,0,""
"1422","2013-11-22",8,54,1011,14,0,""
"1423","2013-11-23",6,52,1015,11,0,""
"1424","2013-11-24",7,55,1017,16,0,""
"1425","2013-11-25",7,50,1022,10,0,""
"1426","2013-11-26",4,50,1024,10,0,""
"1427","2013-11-27",6,45,1024,11,0,""
"1428","2013-11-28",6,63,1027,13,0,"Rain-Snow"
"1429","2013-11-29",3,66,1028,5,0,""
"1430","2013-11-30",3,72,1022,10,0,""
"1431","2013-12-1",6,46,1019,8,0,""
"1432","2013-12-2",3,58,1021,6,0,""
"1433","2013-12-3",6,62,1026,5,0,""
"1434","2013-12-4",8,73,1028,5,0,""
"1435","2013-12-5",7,70,1028,5,0,""
"1436","2013-12-6",6,62,1027,6,0,""
"1437","2013-12-7",6,56,1025,5,0,""
"1438","2013-12-8",4,63,1027,5,0,""
"1439","2013-12-9",3,75,1031,5,0,"Fog"
"1440","2013-12-10",4,73,1032,6,0,""
"1441","2013-12-11",4,71,1032,6,0,""
"1442","2013-12-12",3,78,1031,6,0,""
"1443","2013-12-13",4,88,1028,3,2.03,"Rain"
"1444","2013-12-14",7,86,1032,6,0,"Fog"
"1445","2013-12-15",7,82,1033,5,0,""
"1446","2013-12-16",7,69,1030,6,0,""
"1447","2013-12-17",5,84,1029,6,0,""
"1448","2013-12-18",6,91,1026,5,0.25,"Rain"
"1449","2013-12-19",8,86,1017,13,12.95,"Rain"
"1450","2013-12-20",6,58,1027,19,0,""
"1451","2013-12-21",2,74,1033,5,0,""
"1452","2013-12-22",4,76,1032,6,0,""
"1453","2013-12-23",4,76,1027,6,0,""
"1454","2013-12-24",8,82,1012,14,1.02,"Rain"
"1455","2013-12-25",7,81,1001,24,3.05,"Rain"
"1456","2013-12-26",7,64,1014,23,0,""
"1457","2013-12-27",10,88,1015,26,3.05,"Rain"
"1458","2013-12-28",8,66,1015,21,2.03,"Rain"
"1459","2013-12-29",4,70,1028,10,0,""
"1460","2013-12-30",2,81,1029,5,0,""
"1461","2013-12-31",5,87,1023,5,0,"Rain"
"1462","2014-1-1",8,94,1018,10,2.03,"Rain"
"1463","2014-1-2",11,94,1015,19,6.1,"Rain"
"1464","2014-1-3",12,89,1018,18,1.02,"Rain"
"1465","2014-1-4",8,78,1014,24,6.1,"Rain"
"1466","2014-1-5",6,84,1023,13,0.51,"Rain"
"1467","2014-1-6",9,83,1021,10,0.25,"Fog"
"1468","2014-1-7",11,78,1021,5,0,""
"1469","2014-1-8",9,82,1023,5,0,"Fog"
"1470","2014-1-9",8,78,1021,6,0,""
"1471","2014-1-10",8,73,1016,6,0,""
"1472","2014-1-11",9,82,1019,3,0,""
"1473","2014-1-12",5,96,1024,3,2.03,"Fog-Rain"
"1474","2014-1-13",9,74,1021,10,2.03,"Fog-Rain"
"1475","2014-1-14",9,78,1016,23,0,"Rain"
"1476","2014-1-15",8,88,1016,8,0,""
"1477","2014-1-16",8,82,1010,16,1.02,"Rain"
"1478","2014-1-17",6,79,1004,16,2.03,"Rain"
"1479","2014-1-18",8,86,996,11,3.05,"Rain-Snow"
"1480","2014-1-19",6,82,1000,10,4.06,"Rain"
"1481","2014-1-20",7,56,1015,19,0,""
"1482","2014-1-21",4,82,1017,8,7.87,"Rain"
"1483","2014-1-22",9,87,1014,8,7.11,"Fog-Rain"
"1484","2014-1-23",8,58,1024,21,0,""
"1485","2014-1-24",7,73,1026,6,0,""
"1486","2014-1-25",12,67,1025,10,0,""
"1487","2014-1-26",10,75,1024,8,0,"Fog"
"1488","2014-1-27",9,53,1014,23,0,""
"1489","2014-1-28",7,67,1008,27,0,"Rain"
"1490","2014-1-29",7,68,999,19,1.02,"Rain"
"1491","2014-1-30",6,55,1009,13,0,""
"1492","2014-1-31",9,65,1011,14,0,""
"1493","2014-2-1",9,61,1012,21,0,"Rain"
"1494","2014-2-2",4,59,1019,10,0,""
"1495","2014-2-3",3,76,1012,8,0.76,"Rain-Snow"
"1496","2014-2-4",4,86,1013,14,1.02,"Rain"
"1497","2014-2-5",10,77,1009,23,2.03,"Rain"
"1498","2014-2-6",12,78,1011,19,0,"Rain"
"1499","2014-2-7",8,76,1016,24,0.51,"Rain"
"1500","2014-2-8",9,79,1010,23,0.51,"Rain"
"1501","2014-2-9",4,87,1007,14,7.87,"Rain"
"1502","2014-2-10",7,58,1006,34,4.06,"Rain"
"1503","2014-2-11",3,83,1017,14,8.89,"Rain-Snow"
"1504","2014-2-12",6,94,1020,8,0,"Fog-Rain"
"1505","2014-2-13",11,85,1017,11,0,"Fog-Rain"
"1506","2014-2-14",13,82,1013,19,0.25,"Rain"
"1507","2014-2-15",8,85,1011,13,4.06,"Rain"
"1508","2014-2-16",7,81,1016,3,0,""
"1509","2014-2-17",4,79,1014,6,0,""
"1510","2014-2-18",8,68,1014,6,0,""
"1511","2014-2-19",7,68,1021,3,0,""
"1512","2014-2-20",7,81,1021,6,0,"Rain"
"1513","2014-2-21",9,55,1020,14,0.76,"Rain"
"1514","2014-2-22",6,68,1024,6,0,""
"1515","2014-2-23",8,72,1019,5,0,"Fog"
"1516","2014-2-24",7,71,1015,11,1.02,"Rain"
"1517","2014-2-25",7,78,1020,13,0,""
"1518","2014-2-26",9,48,1024,18,0.25,"Rain"
"1519","2014-2-27",8,70,1028,8,0,""
"1520","2014-2-28",9,67,1021,18,0,"Fog"
"1521","2014-3-1",10,74,1009,23,0,"Rain"
"1522","2014-3-2",13,67,1006,26,0,"Rain"
"1523","2014-3-3",9,51,1009,31,0.25,""
"1524","2014-3-4",9,50,1015,27,0,""
"1525","2014-3-5",11,60,1017,16,0,""
"1526","2014-3-6",12,56,1021,5,0,""
"1527","2014-3-7",11,58,1024,5,0,""
"1528","2014-3-8",11,54,1023,6,0,""
"1529","2014-3-9",10,45,1024,6,0,""
"1530","2014-3-10",10,49,1022,6,0,""
"1531","2014-3-11",12,38,1020,5,0,""
"1532","2014-3-12",10,51,1024,8,0,""
"1533","2014-3-13",8,60,1026,6,0,""
"1534","2014-3-14",9,62,1027,5,0,""
"1535","2014-3-15",11,48,1027,6,0,""
"1536","2014-3-16",13,43,1024,5,0,""
"1537","2014-3-17",14,45,1022,6,0,""
"1538","2014-3-18",14,45,1020,5,0,""
"1539","2014-3-19",16,46,1021,10,0,"Rain"
"1540","2014-3-20",14,55,1019,6,0,""
"1541","2014-3-21",14,59,1019,10,0,""
"1542","2014-3-22",13,54,1015,23,0,"Rain"
"1543","2014-3-23",9,40,1019,16,0,""
"1544","2014-3-24",7,57,1020,11,0,""
"1545","2014-3-25",10,54,1019,29,2.03,"Rain"
"1546","2014-3-26",9,52,1015,27,0,"Rain"
"1547","2014-3-27",6,57,1012,10,0,""
"1548","2014-3-28",9,56,1007,13,0,""
"1549","2014-3-29",10,70,1005,8,3.05,"Rain"
"1550","2014-3-30",11,75,1012,10,6.1,"Rain"
"1551","2014-3-31",11,79,1014,6,0.25,"Rain"
"1552","2014-4-1",14,61,1009,13,0,""
"1553","2014-4-2",11,70,1002,16,10.92,"Rain-Thunderstorm"
"1554","2014-4-3",12,66,1003,13,0,""
"1555","2014-4-4",12,55,1015,19,0,""
"1556","2014-4-5",16,78,1020,10,0,""
"1557","2014-4-6",16,73,1021,6,0,"Fog"
"1558","2014-4-7",17,63,1019,6,0,""
"1559","2014-4-8",17,53,1021,6,0,""
"1560","2014-4-9",18,53,1021,8,0,""
"1561","2014-4-10",19,44,1017,8,0,""
"1562","2014-4-11",18,47,1013,8,0,""
"1563","2014-4-12",19,55,1014,10,0,""
"1564","2014-4-13",17,59,1020,5,0,""
"1565","2014-4-14",18,50,1017,6,0,""
"1566","2014-4-15",20,44,1015,8,0,"Thunderstorm"
"1567","2014-4-16",18,47,1017,6,0,""
"1568","2014-4-17",20,44,1017,6,0,""
"1569","2014-4-18",18,30,1014,10,0,""
"1570","2014-4-19",17,54,1007,11,0,""
"1571","2014-4-20",14,54,1003,26,2.03,""
"1572","2014-4-21",12,83,1003,11,3.05,"Rain"
"1573","2014-4-22",13,63,1013,11,0,"Fog"
"1574","2014-4-23",13,59,1020,13,0,""
"1575","2014-4-24",13,71,1017,13,5.08,"Rain-Thunderstorm"
"1576","2014-4-25",12,47,1020,23,0,""
"1577","2014-4-26",14,66,1019,18,0.51,""
"1578","2014-4-27",14,41,1018,19,0,""
"1579","2014-4-28",18,45,1016,19,0,""
"1580","2014-4-29",17,46,1015,8,0,""
"1581","2014-4-30",17,48,1015,6,0,""
"1582","2014-5-1",18,45,1016,6,0,""
"1583","2014-5-2",17,38,1018,11,0,""
"1584","2014-5-3",15,40,1018,14,0,""
"1585","2014-5-4",16,31,1015,6,0,""
"1586","2014-5-5",18,33,1013,8,0,""
"1587","2014-5-6",20,37,1015,10,0,""
"1588","2014-5-7",21,39,1017,5,0,""
"1589","2014-5-8",21,43,1017,6,0,""
"1590","2014-5-9",22,42,1019,10,0,""
"1591","2014-5-10",23,38,1018,8,0,""
"1592","2014-5-11",22,34,1016,8,0,""
"1593","2014-5-12",20,37,1015,8,0,""
"1594","2014-5-13",17,39,1020,13,0,""
"1595","2014-5-14",17,29,1025,13,0,""
"1596","2014-5-15",19,28,1021,8,0,""
"1597","2014-5-16",19,23,1016,10,0,""
"1598","2014-5-17",18,22,1014,10,0,""
"1599","2014-5-18",18,25,1011,10,0,""
"1600","2014-5-19",19,38,1005,16,0,"Rain"
"1601","2014-5-20",16,46,1008,18,0.25,""
"1602","2014-5-21",14,59,1007,21,5.08,"Rain"
"1603","2014-5-22",13,62,1014,21,0,""
"1604","2014-5-23",16,50,1014,19,0.51,"Rain"
"1605","2014-5-24",17,37,1014,6,0,""
"1606","2014-5-25",17,41,1014,13,0,""
"1607","2014-5-26",16,37,1018,6,0,""
"1608","2014-5-27",19,35,1017,8,0,""
"1609","2014-5-28",18,52,1015,16,0.51,"Rain"
"1610","2014-5-29",17,51,1018,8,0,""
"1611","2014-5-30",20,42,1017,13,0,""
"1612","2014-5-31",16,42,1019,16,0,"Rain"
"1613","2014-6-1",19,42,1020,13,0,""
"1614","2014-6-2",19,36,1019,10,0,""
"1615","2014-6-3",21,30,1016,8,0,""
"1616","2014-6-4",22,31,1012,14,0,""
"1617","2014-6-5",21,30,1012,13,0,""
"1618","2014-6-6",22,29,1010,11,0,""
"1619","2014-6-7",22,39,1014,13,0,""
"1620","2014-6-8",21,39,1017,8,0,""
"1621","2014-6-9",23,32,1016,8,0,"Thunderstorm"
"1622","2014-6-10",21,35,1016,8,0,""
"1623","2014-6-11",24,51,1020,10,4.06,"Rain-Thunderstorm"
"1624","2014-6-12",24,53,1022,6,1.02,"Rain-Thunderstorm"
"1625","2014-6-13",26,41,1019,8,0,"Rain-Thunderstorm"
"1626","2014-6-14",27,28,1015,13,0,""
"1627","2014-6-15",21,31,1015,18,0,""
"1628","2014-6-16",19,33,1015,14,0,""
"1629","2014-6-17",21,35,1015,11,0,""
"1630","2014-6-18",23,29,1014,10,0,""
"1631","2014-6-19",26,36,1015,8,2.03,"Rain-Thunderstorm"
"1632","2014-6-20",24,46,1014,8,0,"Rain"
"1633","2014-6-21",24,32,1014,16,0,""
"1634","2014-6-22",21,34,1016,8,0,""
"1635","2014-6-23",23,34,1016,10,0,""
"1636","2014-6-24",19,58,1015,10,1.02,"Rain"
"1637","2014-6-25",22,42,1015,6,0,""
"1638","2014-6-26",22,45,1015,8,0,"Rain-Thunderstorm"
"1639","2014-6-27",23,36,1016,10,0,""
"1640","2014-6-28",22,30,1014,16,0,""
"1641","2014-6-29",22,30,1017,14,0,""
"1642","2014-6-30",22,26,1017,8,0,""
"1643","2014-7-1",22,28,1013,16,0,""
"1644","2014-7-2",21,35,1014,11,0.51,"Rain-Thunderstorm"
"1645","2014-7-3",16,73,1017,11,21.08,"Rain-Hail-Thunderstorm"
"1646","2014-7-4",21,56,1017,8,0,""
"1647","2014-7-5",23,42,1015,10,0,""
"1648","2014-7-6",22,43,1013,14,0,""
"1649","2014-7-7",22,45,1016,13,0,""
"1650","2014-7-8",22,36,1018,5,0,""
"1651","2014-7-9",22,40,1018,14,0,""
"1652","2014-7-10",21,32,1019,14,0,""
"1653","2014-7-11",22,29,1018,11,0,""
"1654","2014-7-12",23,35,1017,11,0,""
"1655","2014-7-13",26,32,1016,10,0,""
"1656","2014-7-14",27,29,1015,8,0,""
"1657","2014-7-15",28,32,1017,10,0,""
"1658","2014-7-16",29,26,1017,5,0,""
"1659","2014-7-17",29,23,1016,8,0,""
"1660","2014-7-18",29,21,1012,13,0,""
"1661","2014-7-19",22,40,1013,19,0,""
"1662","2014-7-20",22,42,1017,13,0,""
"1663","2014-7-21",23,36,1020,6,0,""
"1664","2014-7-22",26,29,1016,10,0,""
"1665","2014-7-23",27,21,1011,8,0,""
"1666","2014-7-24",28,25,1010,8,0,""
"1667","2014-7-25",27,24,1010,10,0,""
"1668","2014-7-26",28,29,1013,8,0,""
"1669","2014-7-27",29,30,1015,8,0,""
"1670","2014-7-28",28,28,1013,11,0,""
"1671","2014-7-29",24,35,1015,14,0,""
"1672","2014-7-30",24,33,1015,13,0,""
"1673","2014-7-31",27,28,1013,10,0,""
"1674","2014-8-1",24,33,1011,18,0,""
"1675","2014-8-2",24,37,1010,16,0,""
"1676","2014-8-3",23,38,1012,10,0,""
"1677","2014-8-4",24,32,1014,10,0,""
"1678","2014-8-5",27,32,1017,6,0,""
"1679","2014-8-6",27,28,1016,8,0,""
"1680","2014-8-7",27,26,1015,10,0,""
"1681","2014-8-8",27,28,1012,13,0,""
"1682","2014-8-9",26,30,1011,11,0,""
"1683","2014-8-10",26,31,1013,13,0,""
"1684","2014-8-11",26,33,1015,6,0,""
"1685","2014-8-12",27,32,1014,10,0,""
"1686","2014-8-13",26,33,1013,18,0,""
"1687","2014-8-14",23,32,1017,13,0,""
"1688","2014-8-15",23,27,1017,6,0,""
"1689","2014-8-16",23,35,1019,14,0,""
"1690","2014-8-17",24,33,1017,8,0,""
"1691","2014-8-18",26,38,1012,10,0,""
"1692","2014-8-19",25,41,1012,10,0,""
"1693","2014-8-20",24,28,1014,10,0,""
"1694","2014-8-21",23,34,1015,8,0,""
"1695","2014-8-22",24,32,1014,11,0,""
"1696","2014-8-23",23,38,1017,8,0,""
"1697","2014-8-24",24,28,1018,8,0,""
"1698","2014-8-25",25,22,1017,10,0,""
"1699","2014-8-26",27,25,1015,13,0,""
"1700","2014-8-27",27,36,1016,10,0,""
"1701","2014-8-28",26,24,1015,10,0,""
"1702","2014-8-29",27,25,1015,5,0,""
"1703","2014-8-30",27,42,1016,8,0,""
"1704","2014-8-31",27,42,1016,6,0,""
"1705","2014-9-1",28,34,1015,8,0,""
"1706","2014-9-2",28,24,1013,11,0,""
"1707","2014-9-3",27,31,1012,10,0,""
"1708","2014-9-4",26,37,1013,14,0,""
"1709","2014-9-5",24,34,1014,8,0,""
"1710","2014-9-6",23,32,1013,8,0,""
"1711","2014-9-7",23,42,1012,8,0,""
"1712","2014-9-8",23,48,1015,10,0,""
"1713","2014-9-9",23,44,1016,10,0,""
"1714","2014-9-10",24,38,1014,8,0,""
"1715","2014-9-11",23,39,1014,14,0,""
"1716","2014-9-12",22,43,1016,6,0,""
"1717","2014-9-13",23,40,1016,8,0,""
"1718","2014-9-14",22,40,1015,11,0,""
"1719","2014-9-15",21,55,1014,8,5.08,"Rain-Thunderstorm"
"1720","2014-9-16",21,45,1009,11,0,""
"1721","2014-9-17",22,60,1009,13,0.76,"Rain"
"1722","2014-9-18",21,67,1010,13,0.76,"Rain"
"1723","2014-9-19",19,74,1013,8,0,"Rain"
"1724","2014-9-20",19,63,1018,5,0,""
"1725","2014-9-21",22,47,1017,10,7.87,"Rain"
"1726","2014-9-22",20,71,1016,11,7.11,"Rain"
"1727","2014-9-23",18,62,1014,10,0.51,""
"1728","2014-9-24",18,67,1016,6,0,"Rain"
"1729","2014-9-25",17,45,1020,10,0,""
"1730","2014-9-26",18,49,1022,6,0,""
"1731","2014-9-27",19,58,1022,10,0,"Rain"
"1732","2014-9-28",19,66,1021,8,0,"Rain"
"1733","2014-9-29",19,68,1022,5,0,""
"1734","2014-9-30",19,58,1024,5,0,""
"1735","2014-10-1",20,58,1024,8,0,""
"1736","2014-10-2",21,60,1024,5,0,""
"1737","2014-10-3",20,62,1022,5,0,""
"1738","2014-10-4",19,60,1019,6,0,""
"1739","2014-10-5",19,49,1016,8,0,""
"1740","2014-10-6",17,55,1013,10,0,""
"1741","2014-10-7",18,62,1014,13,0,""
"1742","2014-10-8",19,63,1013,11,0.76,"Rain"
"1743","2014-10-9",18,83,1013,11,7.87,"Rain-Thunderstorm"
"1744","2014-10-10",18,83,1014,6,4.06,"Rain"
"1745","2014-10-11",18,84,1012,10,0,"Rain-Thunderstorm"
"1746","2014-10-12",17,73,1008,18,3.05,"Rain"
"1747","2014-10-13",15,76,1011,21,0.76,"Rain"
"1748","2014-10-14",13,80,1010,10,4.06,"Rain"
"1749","2014-10-15",12,87,1015,5,0,""
"1750","2014-10-16",19,74,1016,10,0,""
"1751","2014-10-17",18,73,1019,5,0,""
"1752","2014-10-18",19,71,1020,6,0,""
"1753","2014-10-19",19,64,1022,6,0,""
"1754","2014-10-20",19,61,1023,6,0,""
"1755","2014-10-21",19,60,1026,5,0,""
"1756","2014-10-22",20,42,1027,8,0,""
"1757","2014-10-23",16,37,1024,5,0,""
"1758","2014-10-24",19,46,1020,8,0,""
"1759","2014-10-25",19,51,1021,5,0,""
"1760","2014-10-26",18,55,1022,5,0,""
"1761","2014-10-27",17,57,1021,5,0,""
"1762","2014-10-28",16,68,1017,5,0,""
"1763","2014-10-29",17,67,1018,5,0,""
"1764","2014-10-30",18,62,1022,5,0,""
"1765","2014-10-31",16,59,1023,6,0,""
"1766","2014-11-1",15,65,1024,6,0,""
"1767","2014-11-2",14,75,1020,6,4.06,"Rain"
"1768","2014-11-3",12,85,1013,10,0,"Fog-Rain"
"1769","2014-11-4",11,67,1001,19,8.89,"Fog-Rain"
"1770","2014-11-5",9,57,1010,10,0,""
"1771","2014-11-6",9,66,1016,8,0,""
"1772","2014-11-7",14,73,1015,18,1.02,"Rain"
"1773","2014-11-8",12,70,1014,10,0.51,"Rain"
"1774","2014-11-9",9,73,1011,8,0.25,"Rain"
"1775","2014-11-10",6,73,1014,6,0.25,"Rain"
"1776","2014-11-11",9,91,1005,6,13.97,"Rain"
"1777","2014-11-12",12,78,1010,21,0,""
"1778","2014-11-13",12,85,1013,8,0,"Rain"
"1779","2014-11-14",12,83,1007,19,2.03,"Rain-Snow"
"1780","2014-11-15",10,79,1011,19,0.51,"Rain"
"1781","2014-11-16",10,76,1014,18,0,""
"1782","2014-11-17",10,66,1011,19,0,""
"1783","2014-11-18",6,84,1014,5,0,""
"1784","2014-11-19",11,83,1016,5,0,""
"1785","2014-11-20",13,75,1018,5,0,""
"1786","2014-11-21",11,83,1018,5,0,""
"1787","2014-11-22",13,81,1015,6,0,""
"1788","2014-11-23",14,78,1013,6,3.05,"Rain"
"1789","2014-11-24",13,79,1017,5,0,""
"1790","2014-11-25",12,89,1017,5,7.11,"Rain-Thunderstorm"
"1791","2014-11-26",10,81,1013,6,0,"Rain"
"1792","2014-11-27",9,86,1002,10,2.03,"Rain"
"1793","2014-11-28",10,88,988,18,13.97,"Rain"
"1794","2014-11-29",9,92,995,8,2.03,"Rain"
"1795","2014-11-30",12,89,1000,5,2.03,"Fog-Rain"
"1796","2014-12-1",12,61,1005,16,0,""
"1797","2014-12-2",11,58,1010,19,0,""
"1798","2014-12-3",8,72,1011,6,0,""
"1799","2014-12-4",7,66,1012,8,0,""
"1800","2014-12-5",7,70,1020,3,0,""
"1801","2014-12-6",6,62,1025,10,0,"Rain"
"1802","2014-12-7",6,57,1027,18,0,""
"1803","2014-12-8",6,73,1029,3,0,""
"1804","2014-12-9",6,60,1030,16,0,""
"1805","2014-12-10",6,71,1031,10,0,""
"1806","2014-12-11",6,81,1030,3,0,""
"1807","2014-12-12",4,84,1022,5,0,""
"1808","2014-12-13",8,88,1013,6,5.08,"Rain"
"1809","2014-12-14",7,97,1014,6,6.1,"Rain"
"1810","2014-12-15",8,80,1017,10,0.51,"Rain"
"1811","2014-12-16",7,81,1020,3,0.25,"Rain"
"1812","2014-12-17",7,84,1025,5,0,""
"1813","2014-12-18",7,87,1028,5,0,""
"1814","2014-12-19",7,89,1031,5,0,"Fog"
"1815","2014-12-20",7,81,1033,3,0,"Fog-Rain"
"1816","2014-12-21",7,82,1033,6,0,""
"1817","2014-12-22",7,75,1032,5,0,""
"1818","2014-12-23",6,74,1030,5,0,""
"1819","2014-12-24",4,84,1030,5,0,""
"1820","2014-12-25",6,80,1032,5,0,""
"1821","2014-12-26",6,84,1032,5,0,""
"1822","2014-12-27",4,86,1026,6,0,""
"1823","2014-12-28",7,59,1019,23,0.51,"Rain"
"1824","2014-12-29",5,30,1030,19,0,""
"1825","2014-12-30",3,44,1034,3,0,""
"1826","2014-12-31",2,70,1033,5,0,""
"1827","2015-1-1",3,67,1035,5,0,""
"1828","2015-1-2",3,67,1039,5,0,""
"1829","2015-1-3",4,69,1039,5,0,""
"1830","2015-1-4",7,66,1035,5,0,""
"1831","2015-1-5",6,72,1030,5,0,""
"1832","2015-1-6",4,80,1028,5,0,""
"1833","2015-1-7",4,75,1031,5,0,""
"1834","2015-1-8",4,70,1038,5,0,""
"1835","2015-1-9",6,72,1043,5,0,""
"1836","2015-1-10",5,73,1037,5,0,""
"1837","2015-1-11",7,72,1032,5,0,""
"1838","2015-1-12",6,74,1033,6,0,""
"1839","2015-1-13",6,77,1027,6,0,""
"1840","2015-1-14",2,92,1027,5,0,""
"1841","2015-1-15",9,85,1019,8,3.05,"Rain"
"1842","2015-1-16",7,63,1014,19,4.06,"Rain"
"1843","2015-1-17",3,66,1023,6,0,""
"1844","2015-1-18",1,89,1015,5,0,"Rain-Snow"
"1845","2015-1-19",3,68,1011,16,5.08,"Rain-Snow"
"1846","2015-1-20",3,75,1011,5,0,""
"1847","2015-1-21",2,84,1011,6,0.25,"Fog-Rain"
"1848","2015-1-22",3,75,1015,8,0,""
"1849","2015-1-23",4,57,1023,10,0,""
"1850","2015-1-24",3,58,1027,10,0,""
"1851","2015-1-25",8,43,1027,16,0,""
"1852","2015-1-26",6,49,1028,5,0,""
"1853","2015-1-27",7,57,1028,6,0,""
"1854","2015-1-28",6,67,1025,5,0,""
"1855","2015-1-29",7,77,1015,11,0,""
"1856","2015-1-30",14,76,1001,27,0,"Rain"
"1857","2015-1-31",7,59,999,29,1.02,"Rain"
"1858","2015-2-1",4,51,1013,24,0,""
"1859","2015-2-2",4,74,1010,19,2.03,"Rain"
"1860","2015-2-3",7,72,1002,19,0.51,"Rain"
"1861","2015-2-4",2,56,1005,19,0,"Rain-Snow"
"1862","2015-2-5",3,44,1013,29,0,""
"1863","2015-2-6",2,54,1013,13,0,"Snow"
"1864","2015-2-7",1,64,1017,5,0,""
"1865","2015-2-8",2,61,1023,8,0,""
"1866","2015-2-9",4,57,1023,8,0,""
"1867","2015-2-10",4,69,1024,6,0,""
"1868","2015-2-11",6,81,1021,6,0,"Rain"
"1869","2015-2-12",8,75,1020,6,0,""
"1870","2015-2-13",7,75,1022,8,0,""
"1871","2015-2-14",10,70,1017,21,2.03,"Rain"
"1872","2015-2-15",12,72,1013,14,3.05,"Rain"
"1873","2015-2-16",10,65,1019,11,3.05,""
"1874","2015-2-17",8,56,1026,19,3.05,"Rain"
"1875","2015-2-18",7,53,1031,10,0,""
"1876","2015-2-19",6,65,1030,3,0,""
"1877","2015-2-20",5,69,1022,8,0,""
"1878","2015-2-21",9,63,1010,14,2.03,"Rain"
"1879","2015-2-22",8,56,1015,6,0,""
"1880","2015-2-23",10,65,1016,16,0,""
"1881","2015-2-24",7,48,1024,21,0,""
"1882","2015-2-25",8,57,1028,10,0,""
"1883","2015-2-26",10,65,1025,8,0,""
"1884","2015-2-27",9,58,1023,10,0,""
"1885","2015-2-28",8,58,1024,3,0,""
"1886","2015-3-1",13,65,1024,10,0,""
"1887","2015-3-2",13,81,1025,10,0,"Fog"
"1888","2015-3-3",12,85,1025,5,0.25,"Rain"
"1889","2015-3-4",9,65,1029,11,0,"Fog"
"1890","2015-3-5",8,41,1033,8,0,""
"1891","2015-3-6",9,31,1030,8,0,""
"1892","2015-3-7",11,45,1029,5,0,""
"1893","2015-3-8",12,42,1024,6,0,""
"1894","2015-3-9",12,34,1024,5,0,""
"1895","2015-3-10",12,41,1025,5,0,""
"1896","2015-3-11",12,45,1025,5,0,""
"1897","2015-3-12",12,50,1022,5,0,""
"1898","2015-3-13",11,48,1021,10,0,""
"1899","2015-3-14",8,41,1022,11,0,""
"1900","2015-3-15",4,52,1019,11,0,""
"1901","2015-3-16",4,53,1018,6,0,""
"1902","2015-3-17",8,54,1017,8,0,""
"1903","2015-3-18",6,75,1018,8,7.11,"Rain-Hail"
"1904","2015-3-19",9,81,1015,13,1.02,"Rain"
"1905","2015-3-20",11,69,1011,18,3.05,"Rain"
"1906","2015-3-21",10,81,1008,14,2.03,"Rain"
"1907","2015-3-22",11,72,1008,14,0.51,"Rain"
"1908","2015-3-23",7,94,1006,8,11.94,"Rain"
"1909","2015-3-24",10,75,1004,13,4.06,"Rain"
"1910","2015-3-25",7,49,1011,31,0,""
"1911","2015-3-26",9,53,1018,13,0,""
"1912","2015-3-27",14,63,1025,10,0,""
"1913","2015-3-28",14,61,1027,5,0,""
"1914","2015-3-29",14,51,1026,5,0,""
"1915","2015-3-30",17,51,1027,5,0,""
"1916","2015-3-31",17,49,1027,6,0,""
"1917","2015-4-1",16,43,1027,6,0,""
"1918","2015-4-2",14,39,1025,8,0,""
"1919","2015-4-3",16,37,1020,6,0,""
"1920","2015-4-4",16,34,1014,8,0,""
"1921","2015-4-5",14,41,1011,8,0,""
"1922","2015-4-6",13,55,1016,8,0,""
"1923","2015-4-7",12,51,1023,11,0,""
"1924","2015-4-8",11,47,1026,11,0,"Rain"
"1925","2015-4-9",7,69,1025,6,7.11,"Rain"
"1926","2015-4-10",12,72,1023,3,0,""
"1927","2015-4-11",14,67,1023,10,0,"Rain"
"1928","2015-4-12",16,59,1025,6,0.25,"Rain"
"1929","2015-4-13",17,47,1025,11,0,"Rain"
"1930","2015-4-14",14,48,1024,10,0,""
"1931","2015-4-15",14,49,1016,8,0.51,"Rain-Thunderstorm"
"1932","2015-4-16",14,76,1016,13,4.06,"Rain"
"1933","2015-4-17",16,62,1017,10,0,""
"1934","2015-4-18",13,61,1015,10,0,""
"1935","2015-4-19",11,57,1016,8,0,""
"1936","2015-4-20",13,54,1020,5,0,""
"1937","2015-4-21",16,47,1021,8,0,""
"1938","2015-4-22",14,48,1020,10,0,""
"1939","2015-4-23",16,48,1019,10,0,""
"1940","2015-4-24",16,48,1016,8,0,""
"1941","2015-4-25",16,57,1015,18,0,"Rain"
"1942","2015-4-26",13,86,1009,14,12.95,"Rain-Thunderstorm"
"1943","2015-4-27",13,58,1013,16,0,""
"1944","2015-4-28",13,60,1019,5,0,""
"1945","2015-4-29",17,48,1018,11,0,""
"1946","2015-4-30",15,53,1020,8,0,""
"1947","2015-5-1",18,57,1017,11,0,""
"1948","2015-5-2",20,65,1015,11,0,""
"1949","2015-5-3",19,52,1013,11,0,""
"1950","2015-5-4",21,52,1008,11,0,"Rain"
"1951","2015-5-5",17,50,1013,24,0,""
"1952","2015-5-6",14,45,1018,8,0,""
"1953","2015-5-7",18,38,1017,6,0,""
"1954","2015-5-8",19,42,1019,14,0,""
"1955","2015-5-9",19,49,1024,6,0,""
"1956","2015-5-10",22,37,1022,8,0,""
"1957","2015-5-11",22,33,1021,6,0,""
"1958","2015-5-12",22,31,1022,6,0,""
"1959","2015-5-13",26,32,1022,8,0,""
"1960","2015-5-14",26,27,1016,13,0,""
"1961","2015-5-15",17,32,1021,19,0,""
"1962","2015-5-16",18,35,1025,10,0,""
"1963","2015-5-17",21,30,1021,10,0,""
"1964","2015-5-18",21,32,1014,10,0,""
"1965","2015-5-19",18,42,1011,14,0,""
"1966","2015-5-20",13,39,1020,14,0,""
"1967","2015-5-21",16,37,1025,14,0,""
"1968","2015-5-22",14,36,1023,16,0,""
"1969","2015-5-23",16,40,1019,18,0,""
"1970","2015-5-24",18,40,1016,16,0,""
"1971","2015-5-25",20,39,1017,11,0,""
"1972","2015-5-26",20,33,1017,13,0,""
"1973","2015-5-27",21,30,1018,10,0,""
"1974","2015-5-28",22,30,1016,8,0,""
"1975","2015-5-29",22,31,1013,8,0,""
"1976","2015-5-30",21,42,1016,6,0,""
"1977","2015-5-31",22,36,1016,6,0,""
"1978","2015-6-1",22,32,1016,8,0,""
"1979","2015-6-2",24,33,1017,6,0,""
"1980","2015-6-3",26,31,1020,10,0,""
"1981","2015-6-4",24,22,1020,11,0,""
"1982","2015-6-5",23,23,1019,8,0,""
"1983","2015-6-6",24,25,1020,8,0,""
"1984","2015-6-7",26,22,1020,8,0,""
"1985","2015-6-8",24,21,1018,6,0,""
"1986","2015-6-9",26,33,1015,11,0.51,"Rain-Thunderstorm"
"1987","2015-6-10",22,64,1013,11,0.51,"Rain-Thunderstorm"
"1988","2015-6-11",18,68,1012,10,27.94,"Rain-Thunderstorm"
"1989","2015-6-12",19,55,1012,11,0,"Rain"
"1990","2015-6-13",19,42,1011,11,0,""
"1991","2015-6-14",18,42,1013,16,0,""
"1992","2015-6-15",17,68,1016,11,1.02,"Rain-Thunderstorm"
"1993","2015-6-16",19,57,1021,10,0,"Rain"
"1994","2015-6-17",20,45,1022,10,0,""
"1995","2015-6-18",22,38,1021,13,0,""
"1996","2015-6-19",24,29,1018,10,0,""
"1997","2015-6-20",24,22,1018,11,0,""
"1998","2015-6-21",26,27,1017,8,0,""
"1999","2015-6-22",28,29,1015,10,0,""
"2000","2015-6-23",24,41,1013,10,6.1,"Rain-Thunderstorm"
"2001","2015-6-24",23,45,1017,6,0,""
"2002","2015-6-25",24,37,1020,6,0,""
"2003","2015-6-26",26,29,1021,8,0,""
"2004","2015-6-27",27,24,1019,6,0,""
"2005","2015-6-28",29,22,1018,8,0,""
"2006","2015-6-29",31,24,1018,8,0,""
"2007","2015-6-30",30,22,1015,13,0,""
"2008","2015-7-1",29,20,1014,13,0,""
"2009","2015-7-2",28,24,1017,11,0,""
"2010","2015-7-3",29,33,1018,14,0,""
"2011","2015-7-4",30,30,1019,13,0,""
"2012","2015-7-5",29,24,1017,8,0,""
"2013","2015-7-6",30,23,1017,10,0,""
"2014","2015-7-7",30,20,1016,11,0,""
"2015","2015-7-8",29,16,1015,11,0,""
"2016","2015-7-9",29,24,1015,10,0,""
"2017","2015-7-10",28,18,1016,13,0,""
"2018","2015-7-11",28,21,1017,8,0,""
"2019","2015-7-12",28,25,1018,6,0,""
"2020","2015-7-13",30,21,1018,8,0,""
"2021","2015-7-14",31,20,1017,8,0,""
"2022","2015-7-15",31,19,1015,8,0,""
"2023","2015-7-16",30,22,1014,6,0,""
"2024","2015-7-17",30,25,1016,10,0,""
"2025","2015-7-18",28,33,1017,13,0,"Rain-Thunderstorm"
"2026","2015-7-19",28,28,1016,11,0,""
"2027","2015-7-20",29,29,1015,6,0,""
"2028","2015-7-21",29,28,1014,13,0,""
"2029","2015-7-22",29,37,1015,13,0,"Rain-Thunderstorm"
"2030","2015-7-23",29,38,1015,10,0,""
"2031","2015-7-24",27,28,1011,10,0,""
"2032","2015-7-25",27,33,1014,8,0,""
"2033","2015-7-26",28,28,1015,10,0,""
"2034","2015-7-27",30,26,1013,11,0,""
"2035","2015-7-28",28,23,1013,6,0,""
"2036","2015-7-29",28,23,1012,8,0,""
"2037","2015-7-30",28,35,1010,8,0,""
"2038","2015-7-31",26,42,1008,11,0,""
"2039","2015-8-1",24,44,1013,10,0,""
"2040","2015-8-2",28,40,1015,8,0,""
"2041","2015-8-3",29,32,1014,8,0,""
"2042","2015-8-4",29,25,1014,10,0,""
"2043","2015-8-5",27,22,1014,10,0,""
"2044","2015-8-6",27,16,1014,10,0,""
"2045","2015-8-7",27,17,1014,11,0,""
"2046","2015-8-8",29,32,1016,16,0,"Rain"
"2047","2015-8-9",24,39,1020,13,0,""
"2048","2015-8-10",27,30,1016,8,0,""
"2049","2015-8-11",27,26,1013,11,0,""
"2050","2015-8-12",26,21,1016,10,0,""
"2051","2015-8-13",23,32,1017,19,0,""
"2052","2015-8-14",21,38,1016,8,0,""
"2053","2015-8-15",23,32,1014,6,0,""
"2054","2015-8-16",23,36,1014,6,0,""
"2055","2015-8-17",26,34,1011,10,0,""
"2056","2015-8-18",25,39,1012,13,0,""
"2057","2015-8-19",26,37,1017,14,0,""
"2058","2015-8-20",27,30,1019,8,0,""
"2059","2015-8-21",28,37,1019,8,0,""
"2060","2015-8-22",25,51,1014,14,2.03,"Rain-Thunderstorm"
"2061","2015-8-23",22,40,1011,21,0,""
"2062","2015-8-24",20,38,1014,26,0,""
"2063","2015-8-25",21,35,1019,6,0,""
"2064","2015-8-26",24,36,1016,8,0,""
"2065","2015-8-27",23,31,1016,11,0,""
"2066","2015-8-28",24,30,1017,6,0,""
"2067","2015-8-29",28,30,1017,10,0,""
"2068","2015-8-30",28,44,1016,14,8.89,"Rain-Thunderstorm"
"2069","2015-8-31",23,66,1016,10,0,"Rain-Thunderstorm"
"2070","2015-9-1",23,54,1016,6,0,""
"2071","2015-9-2",24,48,1013,10,0,""
"2072","2015-9-3",22,38,1013,11,0,""
"2073","2015-9-4",21,45,1014,13,0,""
"2074","2015-9-5",20,42,1019,11,0,""
"2075","2015-9-6",21,40,1020,6,0,""
"2076","2015-9-7",21,46,1020,10,0,""
"2077","2015-9-8",21,46,1017,10,0,""
"2078","2015-9-9",20,31,1016,8,0,""
"2079","2015-9-10",22,32,1014,8,0,"Rain"
"2080","2015-9-11",22,33,1013,10,0,""
"2081","2015-9-12",23,34,1012,10,0,""
"2082","2015-9-13",22,35,1011,21,0,""
"2083","2015-9-14",19,50,1014,19,0,""
"2084","2015-9-15",18,48,1011,14,0.76,"Rain"
"2085","2015-9-16",19,71,1005,19,7.11,"Rain"
"2086","2015-9-17",16,51,1013,16,0,""
"2087","2015-9-18",16,52,1020,6,0,""
"2088","2015-9-19",18,46,1023,5,0,""
"2089","2015-9-20",19,44,1022,6,0,""
"2090","2015-9-21",20,36,1018,8,0,""
"2091","2015-9-22",20,33,1014,8,0,""
"2092","2015-9-23",18,39,1016,8,0,""
"2093","2015-9-24",20,40,1019,6,0,""
"2094","2015-9-25",20,23,1019,8,0,""
"2095","2015-9-26",20,27,1017,6,0,""
"2096","2015-9-27",21,33,1018,10,0,"Rain"
"2097","2015-9-28",18,44,1021,6,0,""
"2098","2015-9-29",18,52,1017,6,0,""
"2099","2015-9-30",19,53,1017,8,0,""
"2100","2015-10-1",17,46,1021,8,0,""
"2101","2015-10-2",18,32,1016,14,0,""
"2102","2015-10-3",20,38,1015,11,0,""
"2103","2015-10-4",18,60,1018,10,1.02,"Rain"
"2104","2015-10-5",21,66,1016,18,0,"Rain"
"2105","2015-10-6",19,70,1015,19,7.11,"Rain"
"2106","2015-10-7",16,61,1018,5,0,""
"2107","2015-10-8",16,55,1016,8,0,""
"2108","2015-10-9",15,58,1015,6,0,""
"2109","2015-10-10",16,60,1011,6,0,""
"2110","2015-10-11",18,75,1008,6,0,"Rain"
"2111","2015-10-12",19,71,1010,6,0,""
"2112","2015-10-13",13,80,1014,6,1.02,"Rain"
"2113","2015-10-14",12,66,1015,6,0,""
"2114","2015-10-15",12,55,1015,5,0,""
"2115","2015-10-16",13,56,1016,5,0,""
"2116","2015-10-17",16,73,1013,6,1.02,"Rain"
"2117","2015-10-18",16,93,1012,6,12.95,"Fog-Rain"
"2118","2015-10-19",17,83,1010,6,1.02,"Rain"
"2119","2015-10-20",16,65,1015,8,0,""
"2120","2015-10-21",12,59,1019,6,0,""
"2121","2015-10-22",12,62,1022,5,0,""
"2122","2015-10-23",13,69,1021,5,0,""
"2123","2015-10-24",16,71,1019,5,0,""
"2124","2015-10-25",16,66,1020,5,0,""
"2125","2015-10-26",16,79,1014,6,0.51,"Rain"
"2126","2015-10-27",13,74,1012,16,0.25,"Rain"
"2127","2015-10-28",13,73,1017,19,0.51,"Rain"
"2128","2015-10-29",14,77,1021,11,0,""
"2129","2015-10-30",15,76,1019,5,0,"Fog"
"2130","2015-10-31",16,73,1019,6,0,""
"2131","2015-11-1",17,60,1020,8,0,""
"2132","2015-11-2",13,80,1013,11,11.94,"Rain"
"2133","2015-11-3",12,84,1018,13,0.51,"Rain"
"2134","2015-11-4",13,91,1023,5,0,"Fog-Rain"
"2135","2015-11-5",14,87,1024,5,0,"Fog"
"2136","2015-11-6",16,84,1027,5,0,"Fog"
"2137","2015-11-7",16,84,1028,5,0,""
"2138","2015-11-8",16,73,1029,6,0,"Fog"
"2139","2015-11-9",13,75,1032,5,0,""
"2140","2015-11-10",14,73,1030,5,0,""
"2141","2015-11-11",13,71,1027,3,0,""
"2142","2015-11-12",13,67,1026,5,0,""
"2143","2015-11-13",13,68,1029,6,0,""
"2144","2015-11-14",12,73,1032,8,0,""
"2145","2015-11-15",12,78,1027,5,0,"Fog"
"2146","2015-11-16",10,80,1025,5,0,"Fog"
"2147","2015-11-17",10,81,1027,5,0,"Fog"
"2148","2015-11-18",11,71,1028,5,0,"Fog"
"2149","2015-11-19",13,75,1030,5,0,""
"2150","2015-11-20",12,68,1030,8,0,""
"2151","2015-11-21",11,51,1017,21,0,""
"2152","2015-11-22",6,61,1016,8,0,""
"2153","2015-11-23",6,59,1021,10,0,""
"2154","2015-11-24",6,66,1027,3,0,""
"2155","2015-11-25",11,63,1024,5,0,""
"2156","2015-11-26",10,49,1021,11,0,""
"2157","2015-11-27",12,57,1017,19,0,""
"2158","2015-11-28",9,67,1023,5,0,""
"2159","2015-11-29",7,64,1033,5,0,""
"2160","2015-11-30",7,60,1035,6,0,""
"2161","2015-12-1",7,54,1032,5,0,""
"2162","2015-12-2",7,60,1031,5,0,""
"2163","2015-12-3",8,70,1031,6,0,""
"2164","2015-12-4",9,72,1034,5,0,""
"2165","2015-12-5",10,70,1032,5,0,""
"2166","2015-12-6",9,73,1029,5,0,""
"2167","2015-12-7",7,82,1030,6,0,""
"2168","2015-12-8",9,81,1033,5,0,""
"2169","2015-12-9",9,79,1036,6,0,""
"2170","2015-12-10",8,79,1034,6,0,""
"2171","2015-12-11",9,76,1032,3,0,""
"2172","2015-12-12",9,70,1027,5,0,""
"2173","2015-12-13",8,77,1023,5,0,""
"2174","2015-12-14",11,76,1023,3,0,"Rain"
"2175","2015-12-15",11,81,1028,3,0,""
"2176","2015-12-16",8,81,1033,5,0,""
"2177","2015-12-17",9,77,1030,5,0,""
"2178","2015-12-18",9,75,1030,5,0,""
"2179","2015-12-19",9,74,1026,6,0,""
"2180","2015-12-20",8,70,1025,6,0,""
"2181","2015-12-21",8,76,1032,3,0,""
"2182","2015-12-22",8,78,1033,5,0,""
"2183","2015-12-23",8,78,1031,5,0,""
"2184","2015-12-24",6,84,1030,5,0,""
"2185","2015-12-25",6,83,1032,5,0,"Fog"
"2186","2015-12-26",6,87,1033,5,0,""
"2187","2015-12-27",7,77,1030,6,0,"Fog"
"2188","2015-12-28",8,78,1027,8,0.51,"Rain"
"2189","2015-12-29",8,89,1030,8,2.03,"Fog-Rain"
"2190","2015-12-30",8,87,1029,5,0,""
"2191","2015-12-31",10,90,1025,6,0.25,"Rain"
